PRIMKEY;COUNTRY;FIPSCODE;COWCODE;CONTCODE;SITENUM;NAME;LAT;LONG;RES;RESINFO;LOCSOURCE;FIELDINFO;DISC;DISCPRES;PROD;PRODPRES;OTHERINFO;SOURCEINFO;VERSION
OF347PET;Ukraine;UP;369;1;347;North Crimea Basin;45,34;30,88;PET;gas;Persits et al., 1998;2;-9999;3;-9999;4;year 2002: presentation of projects for the exploration and development of the Odessa field;INOGATE, 2003c - Petroleum Economist, 2003;1,2
OF348PET;Ukraine;UP;369;1;348;North Crimea Basin;45,47;31,92;PET;gas;Persits et al., 1998;1;1974;1;1983;1;Golitsyno field discovered in 1974 and put intp production in 1983;NSJC Chornomornaftogaz, 2001a;1,2
OF351PET;Ukraine;UP;369;1;351;Azov-Kuban Basin;45,65;36,72;PET;oil and gas;Persits et al., 1998;4;-9999;3;-9999;4;fields under development;NSJC Chornomornaftogaz, 2001a - NSJC Chornomornaftogaz, 2001b;1,2
OF349PET;Ukraine;UP;369;1;349;Azov-Kuban Basin;45,88;35,09;PET;gas;Persits et al., 1998;1;1970;2;1981;1;Strelkovoye field put into development in 1970 and came on stream in 1981;NSJC Chornomornaftogaz, 2001a - Petroleum Economist, 2003;1,2
OF350PET;Ukraine;UP;369;1;350;Azov-Kuban Basin;46,25;35,96;PET;gas;Persits et al., 1998;3;-9999;3;-9999;3;no confirmation of Petroleum Economist;Petroleum Economist, 2003;1,2
OF339PET;Trinidad and Tobago;TD;52;5;339;East Venezuela Basin;10,18;-61,08;PET;gas;Schenk et al., 1999 - Petroleum Economist, 2003;1;1975;1;2002;1;Chaconia, Hibiscus and Poinsettia fields found in 1975 and Hibiscus field came on stream in 2002 - other fields are under developm;Oil & Gas Journal, 2001b - Geological Society of Trinidad and Tobago, year unknown - Petroleum Economist, 2003;1,2
OF338PET;Trinidad and Tobago;TD;52;5;338;Tobago Trough;11,26;-61,28;PET;oil and gas;Schenk et al., 1999 - Petroleum Economist, 2003;1;1954;1;1955;1;Soldado field discovered in 1954 and production commenced in 1955;Geological Society of Trinidad and Tobago, year unknown - Kulke, 1995 - Petroleum Economist, 2003;1,2
OF269PET;Peru;PE;135;5;269;Talata Basin;-5,43;-81,17;PET;oil and gas;Schenk et al., 1999 - Petroleum Economist, 2003;1;1955;1;1960;2;Litoral field found in 1955 - offshore production in that area since 1960;Anonymous, 2001 - World Energy Council, 2001bi - Petroleum Economist, 2003;1,2
OF267PET;Peru;PE;135;5;267;Progreso Basin;-3,43;-80,70;PET;oil and gas;Schenk et al., 1999 - Petroleum Economist, 2003;3;-9999;3;-9999;3;Albacora and Zorritos fields - no further information available;Petroleum Economist, 2003;1,2
OF268PET;Peru;PE;135;5;268;Talata Basin;-4,28;-81,30;PET;oil;Schenk et al., 1999 - Petroleum Economist, 2003;1;1960;1;1960;2;Pena Negra field discovered in 1960 - offshore production in that area since 1960;Anonymous, 2001 - World Energy Council, 2001bi - Petroleum Economist, 2003;1,2
OF379PET;Venezuela;VE;101;5;379;East Venezuela Basin;10,06;-62,25;PET;oil;Schenk et al., 1999 - Kulke, 1995;1;1945;1;-9999;3;Pedernales field found in 1932;Anonymous, 2001 - Kulke, 1995;1,2
OF380PET;Venezuela;VE;101;5;380;East Venezuela Basin;9,98;-60,35;PET;gas;Schenk et al., 1999 - Petroleum Economist, 2003;2;1983;1;-9999;4;Loran and Cocuina fields found in 1983;Martinez, 1999 - International News, 2002 - Petroleum Economist, 2003;1,2
OF374PET;Venezuela;VE;101;5;374;Maracaibo Basin;9,76;-71,55;PET;oil and gas;Schenk et al., 1999;1;1945;1;-9999;3;Lagunillas field discovered in 1925;Anonymous, 2001 - Petroleum Economist, 2003;1,2
OF378PET;Venezuela;VE;101;5;378;Tobago Trough;11,03;-62,07;PET;gas;Schenk et al., 1999 - Petroleum Economist, 2003;2;1979;1;-9999;4;Patao field discovered in 1979 - Project Development Agreement signed in 2002;Martinez, 1999 - IPD Latin America Venezuelan EnergyNet, 2004 - Petroleum Economist, 2003;1,2
OF376PET;Venezuela;VE;101;5;376;Cariaco Basin;10,89;-64,81;PET;oil;Schenk et al., 1999 - Petroleum Economist, 2003;3;1979;1;-9999;3;MTC field discovered in 1979;Martinez, 1999 - Kulke, 1995;1,2
OF377PET;Venezuela;VE;101;5;377;Tobago Trough;11,48;-62,65;PET;oil and gas;Schenk et al., 1999;3;-9999;3;-9999;3;no confirmation of Petroleum Economist;Petroleum Economist, 2003;1,2
OF375PET;Venezuela;VE;101;5;375;Falcon Basin;11,69;-69,36;PET;oil;Schenk et al., 1999 - Petroleum Economist, 2003;2;1983;1;-9999;4;La Vela block found in 1983 - exploration and redevelopment since 1998;Martinez, 1999 - Phillips66, 1998 - Petroleum Economist, 2003;1,2
OF105PET;Ecuador;EC;130;5;105;Progreso Basin;-3,25;-80,47;PET;gas;Schenk et al. 1999 - Petroleum Economist, 2003;1;1970;1;2002;1;Amistad field discovered in 1970 and came on stream in 2002;Kulke, 1995 - Noble Energy, 2002 - Petroleum Economist, 2003;1,2
OF094PET;Colombia;CO;100;5;94;Lower Magdelena;10,87;-75,47;PET;oil and gas;Schenk et al., 1999;3;-9999;3;-9999;3;no confirmation of Petroleum Economist;Petroleum Economist, 2003;1,2
OF095PET;Colombia;CO;100;5;95;Guajira Basin;11,92;-72,88;PET;gas;Schenk et al., 1999 - Petroleum Economist, 2003;1;1973;1;1977;1;Chuchupa field discovered in 1973 and came on stream in 1977;Anonymous, 1996 - Petroleum Economist, 2003;1,2
OF076PET;Chile;CI;155;5;76;Magallanes Basin;-52,48;-69,04;PET;oil and gas;Schenk et al., 1999;1;1960;1;-9999;3;Daniel field discovered in 1960;Anonymous, 2001 - Petroleum Economist, 2003;1,2
OF075PET;Chile;CI;155;5;75;Central Chile Forearc Basin;-39,04;-73,64;PET;oil and gas;Schenk et al., 1999;3;-9999;3;-9999;3;no confirmation of Petroleum Economist - no further information available;Petroleum Economist, 2003;1,2
OF074PET;Chile;CI;155;5;74;Central Chile Forearc Basin;-38,30;-73,93;PET;oil and gas;Schenk et al., 1999;3;-9999;3;-9999;3;no confirmation of Petroleum Economist - no further information available;Petroleum Economist, 2003;1,2
OF057PET;Brazil;BR;140;5;57;Santos Basin;-26,58;-46,84;PET;oil;Schenk et al., 1999 - Petroleum Economist Ltd, 200;1;1993;2;1993;1;Caravela field came on stream in 1993;Northern Oil, 2001 - Petroleum Economist, 2003;1,2
OF056PET;Brazil;BR;140;5;56;Santos Basin;-25,29;-45,29;PET;oil;Schenk et al., 1999 - Petroleum Economist Ltd, 200;2;1987;1;-9999;4;Tubarao field found in 1987 but was not under production yet in 2001;Northern Oil, 2001 - Petroleum Economist, 2003;1,2
OF055PET;Brazil;BR;140;5;55;Santos Basin;-24,43;-44,33;PET;gas;Schenk et al., 1999 - Petroleum Economist Ltd, 200;1;1979;1;1993;1;Merluza field: first gas shows in 1979 - commercial production commenced in 1993;EXPLORER, 2001 - Petroleum Economist, 2003;1,2
OF054PET;Brazil;BR;140;5;54;Campos Basin;-23,47;-41,23;PET;oil;Schenk et al., 1999 - Petroleum Economist Ltd, 200;3;-9999;3;-9999;3;Guarajuba field - no further information available;Petroleum Economist, 2003;1,2
OF053PET;Brazil;BR;140;5;53;Campos Basin;-22,40;-40,31;PET;oil and gas;Schenk et al., 1999 - Petroleum Economist Ltd, 200;1;1974;1;1977;1;Garoupa field discovered in 1974 - first completion installed in 1977 at the Enchova field;Anonymous, 2001 - Society of Petroleum Engineers, 2003 - Petroleum Economist, 2003;1,2
OF052PET;Brazil;BR;140;5;52;Campos Basin;-21,67;-40,76;PET;oil;Schenk et al., 1999 - Petroleum Economist Ltd, 200;3;-9999;3;-9999;3;150 field - no further information available;Petroleum Economist, 2003;1,2
OF051PET;Brazil;BR;140;5;51;Espirito Santo Basin;-19,37;-39,45;PET;oil;Schenk et al., 1999 - Petroleum Economist Ltd, 200;1;1977;1;-9999;3;Cacao field found in 1977;Anonymous, 2001 - Petroleum Economist, 2003;1,2
OF050PET;Brazil;BR;140;5;50;Espirito Santo Basin;-18,46;-39,47;PET;oil and gas;Schenk et al., 1999;3;-9999;3;-9999;3;no confirmation of Petroleum Economist;Petroleum Economist, 2003;1,2
OF049PET;Brazil;BR;140;5;49;Bahia Sul Basin;-17,31;-38,75;PET;oil;Schenk et al., 1999 - Petroleum Economist Ltd, 200;1;1969;1;-9999;3;Guriri field discovered in 1969;Anonymous, 2001 - Petroleum Economist, 2003;1,2
OF048PET;Brazil;BR;140;5;48;Bahia Sul Basin;-15,29;-38,80;PET;oil and gas;Schenk et al., 1999;3;-9999;3;-9999;3;no confirmation of Petroleum Economist - no further inforamtion available;Petroleum Economist, 2003;1,2
OF047PET;Brazil;BR;140;5;47;Bahia Sul Basin;-14,57;-38,87;PET;oil and gas;Schenk et al., 1999;3;-9999;3;-9999;3;no confirmation of Petroleum Economist - no further inforamtion available;Petroleum Economist, 2003;1,2
OF046PET;Brazil;BR;140;5;46;Reconcavo Basin;-13,82;-38,83;PET;oil and gas;Schenk et al., 1999;3;-9999;3;-9999;3;no confirmation of Petroleum Economist - no further inforamtion available;Petroleum Economist, 2003;1,2
OF045PET;Brazil;BR;140;5;45;Reconcavo Basin;-13,02;-38,67;PET;oil and gas;Schenk et al., 1999;3;-9999;3;-9999;3;no confirmation of Petroleum Economist - no further inforamtion available;Petroleum Economist, 2003;1,2
OF044PET;Brazil;BR;140;5;44;Sergipe-Alagoas Basin;-10,89;-36,57;PET;oil;Schenk et al., 1999 - Petroleum Economist Ltd, 200;1;1985;1;-9999;3;Paru field found in 1985;Anonymous, 2001 - Petroleum Economist, 2003;1,2
OF043PET;Brazil;BR;140;5;43;Potigar Basin;-4,80;-36,40;PET;oil;Schenk et al., 1999 - Petroleum Economist Ltd, 200;1;1973;1;-9999;3;Ubarana field discovered in 1973;Anonymous, 2001 - Petroleum Economist, 2003;1,2
OF042PET;Brazil;BR;140;5;42;Caera Basin;-3,64;-38,08;PET;oil;Schenk et al., 1999 - Petroleum Economist Ltd, 200;1;1987;1;-9999;3;Fazenda Belem field found in 1987;Anonymous, 2001 - Petroleum Economist, 2003;1,2
OF041PET;Brazil;BR;140;5;41;Caera Basin;-3,01;-38,89;PET;oil;Schenk et al., 1999 - Petroleum Economist Ltd, 200;1;1977;1;-9999;3;Xareu field discovered in 1977;Anonymous, 2001 - Petroleum Economist, 2003;1,2
OF040PET;Brazil;BR;140;5;40;Barreieinas Basin;-2,37;-42,66;PET;oil and gas;Schenk et al., 1999;2;-9999;3;-9999;4;in 1995 the area was still underexplored - no significant finds in the exploration wells;Kulke, 1995;1,2
OF039PET;Brazil;BR;140;5;39;Santana Platform;-0,49;-44,10;PET;oil and gas;Schenk et al., 1999;3;-9999;3;-9999;3;no confirmation of Petroleum Economist - no further information available;Petroleum Economist, 2003;1,2
OF038PET;Brazil;BR;140;5;38;Santana Platform;0,83;-46,16;PET;oil and gas;Schenk et al., 1999;3;-9999;3;-9999;3;no confirmation of Petroleum Economist - no further information available;Petroleum Economist, 2003;1,2
OF037PET;Brazil;BR;140;5;37;Foz de Amazonas Basin;3,46;-48,72;PET;oil and gas;Schenk et al., 1999;3;-9999;3;-9999;3;no confirmation of Petroleum Economist - no further inforamtion available;Petroleum Economist, 2003;1,2
OF036PET;Brazil;BR;140;5;36;Foz de Amazonas Basin;3,91;-50,03;PET;oil and gas;Schenk et al., 1999;3;-9999;3;-9999;3;no confirmation of Petroleum Economist - no further inforamtion available;Petroleum Economist, 2003;1,2
OF013PET;Argentina;AR;160;5;13;Malvinas Basin;-54,10;-65,40;PET;oil and gas;Schenk et al., 1999;3;-9999;3;-9999;3;no confirmation of Petroleum Economist;Petroleum Economist, 2003;1,2
OF362PET;United States of Ameri;US;2;5;362;Northern Alaska;70,35;-146,87;PET;oil;Petroleum Economist, 2003 - Klett et al., 1997;3;-9999;3;-9999;3;oil field - no further information available;Petroleum Economist, 2003;1,2
OF369PET;United States of Ameri;US;2;5;369;Western Gulf;30,17;-90,18;PET;gas;Petroleum Economist, 2003 - Klett et al., 1997;3;-9999;3;-9999;3;gas field - field could not be identified due to the high concentration in that area - no further information available;Petroleum Economist, 2003;1,2
OF365PET;United States of Ameri;US;2;5;365;Los Angeles Basin;33,43;-117,89;PET;oil;Earth Sciences and Resources Institute, 1995 - Beyer 1995 - Klett et al., 1997;1;1945;1;-9999;3;Huntington Beach field discovered in 1920;Earth Sciences and Resources Institute, 1995 - Beyer, 1995;1,2
OF364PET;United States of Ameri;US;2;5;364;Central California OSC;34,54;-120,73;PET;oil;Earth Sciences and Resources Institute, 1995 - Petroleum Economist, 2003 - Klett et al., 199;3;1981;1;-9999;3;Pt. Arguella field found in 1981;Earth Sciences and Resources Institute, 1995;1,2
OF363PET;United States of Ameri;US;2;5;363;Southern Alaska;60,72;-151,44;PET;oil and gas;Earth Sciences and Resources Institute, 1995 - Petroleum Economist, 2003 - Klett et al., 199;1;1962;1;1967;1;Middle Ground Shoal field discovered in 1962 and McArthur River field in 1965 - both fields and the Trading Bay field came on stre;Earth Sciences and Resources Institute, 1995 - Kenai Peninsula Borough-Community and Economic Development Division,;1,2
OF361PET;United States of Ameri;US;2;5;361;Beaufort Shelf OSC;70,58;-148,56;PET;oil;Petroleum Economist, 2003 - Klett et al., 1997;1;1978;1;1987;1;Endicott field discovered in 1978 and commenced production in 1987;University of Conneticut et al., 1995 - Petroleum Economist, 2003;1,2
OF373PET;United States of Ameri;US;2;5;373;Louisiana-Mississippi Salt Ba;30,34;-88,00;PET;gas;Petroleum Economist, 2003 - Klett et al., 1997;3;-9999;3;-9999;3;gas fields - fields could not be identified due to the high concentration in that area - no further information available;Petroleum Economist, 2003;1,2
OF372PET;United States of Ameri;US;2;5;372;Gulf Mesozoic OCS;29,80;-88,11;PET;gas;Petroleum Economist, 2003 - Klett et al., 1997;3;-9999;3;-9999;3;gas fields - fields could not be identified due to the high concentration in that area - no further information available;Petroleum Economist, 2003;1,2
OF370PET;United States of Ameri;US;2;5;370;Western Gulf;29,75;-89,28;PET;oil and gas;Petroleum Economist, 2003 - Klett et al., 1997;3;-9999;3;-9999;3;oil and gas fields - fields could not be identified due to the high concentration in that area - no further information available;Petroleum Economist, 2003;1,2
OF368PET;United States of Ameri;US;2;5;368;Western Gulf;29,08;-89,45;PET;oil and gas;Earth Sciences and Resources Institute, 1995 - Petroleum Economist, 2003 - Klett et al., 199;3;1949;1;-9999;3;W Delta 30 field found in 1949 and S. Pass 27 field in 1954;Earth Sciences and Resources Institute, 1995;1,2
OF367PET;United States of Ameri;US;2;5;367;Western Gulf;29,12;-90,55;PET;oil and gas;Earth Sciences and Resources Institute, 1995 - Petroleum Economist, 2003 - Klett et al., 199;1;1945;1;1978;2;Caillou Island field discovered in 1930 - production at least since 1978 in Timbalier Bay field and that area;Earth Sciences and Resources Institute, 1995 - National Academy of Sciences, 2003;1,2
OF366PET;United States of Ameri;US;2;5;366;Western Gulf;28,64;-95,18;PET;oil and gas;Earth Sciences and Resources Institute, 1995 - Petroleum Economist, 2003 - Klett et al., 199;3;1956;1;-9999;3;Vermilion 14 field found in 1956;Earth Sciences and Resources Institute, 1995;1,2
OF371PET;United States of Ameri;US;2;5;371;Gulf Cenozoic OCS;28,21;-92,33;PET;oil and gas;Earth Sciences and Resources Institute, 1995 - Petroleum Economist, 2003 - Klett et al., 199;1;1949;1;-9999;3;Vermilion 39 field discovered in 1949;Earth Sciences and Resources Institute, 1995 - Offshore Engineer, 2000;1,2
OF072PET;Canada;CA;20;5;72;Scotian Shelf;44,03;-59,62;PET;gas;Earth Sciences and Resources Institute, 1995 - Petroleum Economist, 2003 - Klett et al., 199;2;1979;1;-9999;4;Venture field discovered in 1979 and is expected to come on stream in 2004;Earth Sciences and Resources Institute, 1995 - Cook et al., 2004;1,2
OF073PET;Canada;CA;20;5;73;Scotian Shelf;43,80;-61,42;PET;oil and gas;Earth Sciences and Resources Institute, 1995 - Petroleum Economist, 2003 - Klett et al., 199;1;1973;1;1992;1;Cohasset field found in 1973 and commenced production in 1992;AGRA Earth and Environmental Limited, 1998 - Petroleum Economist, 2003;1,2
OF071PET;Canada;CA;20;5;71;Labrador-Newfoundland Shelf;45,90;-49,41;PET;oil and gas;Earth Sciences and Resources Institute, 1995 - Petroleum Economist, 2003 - Klett et al., 199;1;1984;1;2002;1;Terra Nova field discovered in 1984 and went online in 2002;CAPP, year unknown - Petroleum Economist, 2003;1,2
OF070PET;Canada;CA;20;5;70;Labrador-Newfoundland Shelf;46,83;-48,83;PET;oil;Earth Sciences and Resources Institute, 1995 - Hydro, year unknown - Klett et al., 1997;1;1979;1;1997;1;Hibernia field found in 1979 and came on stream in 1997;Earth Sciences and Resources Institute, 1995 - Hydro, year unknown;1,2
OF064PET;Canada;CA;20;5;64;Mackenzie Delta;70,06;-134,52;PET;oil and gas;Earth Sciences and Resources Institute, 1995 - Petroleum Economist, 2003 - Klett et al., 199;1;1976;1;1986;2;Kopanoar and Nektoralik fields discovered in 1976 - test production at the Amauligak field at least since 1986;AINC-INAC_2, year unknown - Morrell, 1995 - Petroleum Economist, 2003;1,2
OF066PET;Canada;CA;20;5;66;Mackenzie Delta;71,17;-129,75;PET;oil;Earth Sciences and Resources Institute, 1995 - Petroleum Economist, 2003 - Klett et al., 199;3;1978;2;-9999;3;Kaglulik field known at least since 1978;Arctic Coastal Zone Management Newsletter, 1978 - Petroleum Economist, 2003;1,2
OF067PET;Canada;CA;20;5;67;Sverdrup Basin;76,44;-107,94;PET;gas;Earth Sciences and Resources Institute, 1995 - AINC-INAC_1, year unknown - Klett et al., 199;2;1969;2;-9999;4;Drake Point field found in 1969/73;Earth Sciences and Resources Institute, 1995 - AINC-INAC_1, year unknown;1,2
OF068PET;Canada;CA;20;5;68;Sverdrup Basin;77,31;-106,65;PET;oil and gas;Earth Sciences and Resources Institute, 1995 - AINC-INAC_1, year unknown - Klett et al., 199;2;1979;1;-9999;4;Whitefish field discovered in 1979;Earth Sciences and Resources Institute, 1995 - AINC-INAC_1, year unknown - AINC-INAC_4, year unknown;1,2
OF069PET;Canada;CA;20;5;69;Sverdrup Basin;77,62;-98,52;PET;oil and gas;Earth Sciences and Resources Institute, 1995 - AINC-INAC_1, year unknown - Klett et al., 199;2;1979;2;-9999;4;Char field found in 1979/80;Earth Sciences and Resources Institute, 1995 - AINC-INAC_1, year unknown - AINC-INAC_4, year unknown;1,2
OF065PET;Canada;CA;20;5;65;Mackenzie Delta;69,90;-132,01;PET;oil;Petroleum Economist, 2003 - Klett et al., 1997;2;1982;1;-9999;4;West Atkinson field discovered in 1982;AINC-INAC_3, year unknown - Petroleum Economist, 2003;1,2
OF384PET;Yemen;YM;679;2;384;Sharmah Rift Basin;14,70;50,19;PET;oil;Pollastro et al., 1999a - Oil & Gas Directory, 2003a;2;1982;1;-9999;4;Sharmah field discovered in 1982;Oil & Gas Directory, 2003;1,2
OF352PET;United Arab Emirates;TC;696;2;352;Rub Al Khali Basin;24,95;53,42;PET;oil and gas;Pollastro et al., 1999a - Petroleum Economist;1;1958;1;1962;1;Umm Shaif field found in 1958 and is producing since 1962;Anonymous, 2001 - Butt, year unknown - World Energy Council, 2001cg - Petroleum Economist, 2003;1,2
OF353PET;United Arab Emirates;TC;696;2;353;Rub Al Khali Basin;26,01;55,54;PET;oil;Pollastro et al., 1999a - Petroleum Economist;1;1972;1;1974;1;Mubarak field discovered in 1972 and started operating in 1974;Anonymous, 2001 - Butt, year unknown - Petroleum Economist, 2003;1,2
OF307PET;Saudi Arabia;SA;670;2;307;Mesopotamian Foredeep Basin;26,79;50,49;PET;oil and gas;Pollastro et al., 1999a - Petroleum Economist;1;1945;2;1946;2;Qatif field: on- and offshore - whole field: found in 1945 and first production in 1946 - Abu Sa'fah field discovered in 1963;Kulke, 1994 - Ministry Of Petroleum & Mineral Resources, year unknown - Zittel, 2002 - Petroleum Economist, 2003;1,2
OF305PET;Saudi Arabia;SA;670;2;305;Red Sea Basin;27,85;35,06;PET;oil and gas;Pollastro et al., 1999a - Petroleum Economist;2;1969;1;-9999;4;Barqan field discovered in 1969 - in 1998 no production had been reported yet;Lindquist, 1998b - Petroleum Economist, 2003;1,2
OF306PET;Saudi Arabia;SA;670;2;306;Mesopotamian Foredeep Basin;28,11;49,60;PET;oil and gas;Pollastro et al., 1999a - Petroleum Economist;1;1951;1;1957;1;Safaniya field found in 1951 and put into production in 1957;Ministry Of Petroleum & Mineral Resources, year unknown - Zittel, 2002 - Petroleum Economist, 2003;1,2
OF276PET;Qatar;QA;694;2;276;Qatar Arch;26,58;51,76;PET;oil and gas;Pollastro et al., 1999a - Petroleum Economist;1;1971;1;1991;1;North field discovered in 1971 and started operating in 1991;Qatargas, year unknown - World Energy Council, 2001bl - Petroleum Economist, 2003;1,2
OF277PET;Qatar;QA;694;2;277;Rub Al Khali Basin;25,57;52,41;PET;oil;Pollastro et al., 1999a - Petroleum Economist;1;1960;1;1964;1;Idd el Shargi North Dome field found in 1960 and was put into production in 1964;Anonymous, 2001 - Brooks et al., 1997 - Petroleum Economist, 2003;1,2
OF262PET;Oman;MU;698;2;262;Rub Al Khali Basin;26,24;56,16;PET;gas;Pollastro et al., 1999a - Petroleum Economist;1;1979;1;1994;1;Bukha field discovered in 1979 and came on stream in 1994;Anonymous, 2001 - Novus, 2003 - Petroleum Economist, 2003;1,2
OF210PET;Kuwait;KU;690;2;210;Mesopotamian Foredeep Basin;29,09;48,64;PET;oil and gas;Pollastro et al., 1999a - Petroleum Economist;1;1960;1;1961;1;Khafji field discovered in 1960 and Hout field found in 1963;AOC, year unknown - Petroleum Economist, 2003;1,2
OF183PET;Israel;IS;666;2;183;Levantine Basin;31,79;34,40;PET;gas;Pollastro et al., 1999a - Petroleum Economist;2;1999;1;-9999;4;several field discovered in 1999 and 2000 - in 2002 no production had occurred yet;Oil & Gas Journal, year unknown - BG Group PLC, 2002 - Petroleum Economist, 2003;1,2
OF171PET;Iran;IR;630;2;171;Mesopotamian Foredeep Basin;27,94;51,20;PET;gas;Pollastro et al., 1999b - Earth Sciences and Resources Institute, 1995;3;1966;1;-9999;3;Pars field found in 1966;Earth Sciences and Resources Institute, 1995 - Petroleum Economist, 2003;1,2
OF170PET;Iran;IR;630;2;170;Mesopotamian Foredeep Basin;28,24;50,09;PET;oil and gas;Pollastro et al., 1999b - Earth Sciences and Resources Institute, 1995 - Petroleum Economist;1;1966;1;1998;2;Foroozan field discovered in 1966 and under production at least since 1998;Earth Sciences and Resources Institute, 1995 - Oil & Gas Journal, 1999b;1,2
OF173PET;Iran;IR;630;2;173;Zagros Fold Belt;28,85;50,76;PET;oil;Pollastro et al., 1999b - Petroleum Economist, 2003;3;-9999;3;-9999;3;Bushehr field - no further information available;Petroleum Economist, 2003;1,2
OF169PET;Iran;IR;630;2;169;Mesopotamian Foredeep Basin;29,29;50,27;PET;oil;Pollastro et al., 1999b - Earth Sciences and Resources Institute, 1995;1;1961;1;-9999;3;Doroud and Kharg Island fields discovered in 1961;Anonymous, 2001 - Earth Sciences and Resources Institute, 1995 - Petroleum Economist, 2003;1,2
OF168PET;Iran;IR;630;2;168;Mesopotamian Foredeep Basin;29,48;49,48;PET;oil;Pollastro et al., 1999b - Earth Sciences and Resources Institute, 1995;1;1960;1;2002;2;Bahre Gansar and Fereidoon field found in 1960 - Soroosh field came on stream in 2002 after redevelopment;Anonymous, 2001 - Earth Sciences and Resources Institute, 1995 - Lekhy, 2002 - Petroleum Economist, 2003;1,2
OF176PET;Iran;IR;630;2;176;Qatar Arch;27,36;51,38;PET;gas;Pollastro et al., 1999b - Earth Sciences and Resources Institute, 1995;3;1966;1;-9999;3;G Structure 3 field discovered in 1966 and G 3 field in 1993 - Golshan field;Earth Sciences and Resources Institute, 1995 - Petroleum Economist, 2003;1,2
OF172PET;Iran;IR;630;2;172;Mesopotamian Foredeep Basin;27,33;50,96;PET;gas;Pollastro et al., 1999b - Earth Sciences and Resources Institute, 1995;3;1966;1;-9999;3;F Structure 1 field found in 1966 - Ferdosi field;Earth Sciences and Resources Institute, 1995 - Petroleum Economist, 2003;1,2
OF177PET;Iran;IR;630;2;177;Qatar Arch;26,69;52,25;PET;oil and gas;Pollastro et al., 1999b - Earth Sciences and Resources Institute, 1995;1;1966;1;2002;1;South Pars field discovered in 1966 and started operating in 2002;Earth Sciences and Resources Institute, 1995 - TOTAL, year unknown - Petroleum Economist, 2003;1,2
OF174PET;Iran;IR;630;2;174;Zagros Fold Belt;26,55;53,49;PET;gas;Pollastro et al., 1999b - Petroleum Economist, 2003;3;-9999;3;-9999;3;T-1 field - no further information available;Petroleum Economist, 2003;1,2
OF178PET;Iran;IR;630;2;178;Rub Al Khali Basin;25,94;53,37;PET;oil and gas;Pollastro et al., 1999b - Earth Sciences and Resources Institute, 1995;1;1965;1;1987;2;Salaman field found in 1965 - Salaman, Reshadat and Resalat fields under production at least since 1987;Anonymous, 2001 - Anonymous, 2003b - Petroleum Economist, 2003;1,2
OF175PET;Iran;IR;630;2;175;Zagros Fold Belt;26,82;56,01;PET;gas;Pollastro et al., 1999b - Earth Sciences and Resources Institute, 1995 - Petroleum Economist;2;1961;1;-9999;4;Qishm-Salag field and Salakh field discovered in 1961 - in 2000 development of the HD field was planned;Earth Sciences and Resources Institute, 1995 - EIA, 2000 - Petroleum Economist, 2003;1,2
OF179PET;Iran;IR;630;2;179;Rub Al Khali Basin;26,43;56,03;PET;gas;Pollastro et al., 1999b - Earth Sciences and Resources Institute, 1995 - Petroleum Economist;2;1976;1;-9999;4;Henjam field found in 1976 and in 2002 production was planned - Hanquan field;Earth Sciences and Resources Institute, 1995 - Alexander's Gas & Oil Connections, 2002 - Petroleum Economist, 2003;1,2
OF229PET;Mexico;MX;70;5;229;Saline-Comalcalco Basin;18,49;-93,98;PET;oil;Petroleum Economist, 2003 - Klett et al., 1997;3;-9999;3;-9999;3;no information available - fields could not be identified;Petroleum Economist, 2003;1,2
OF228PET;Mexico;MX;70;5;228;Tampico-Misantla Basin;20,99;-97,07;PET;oil;Earth Sciences and Resources Institute, 1995 - Petroleum Economist, 2003 - Klett et al., 199;1;1966;1;1967;1;Bagre field found in 1966 and the Atun field came on stream in 1967;Earth Sciences and Resources Institute, 1995 - Offshore Magazine, 1994 - Petroleum Economist, 2003;1,2
OF225PET;Mexico;MX;70;5;225;Jalisco-Oaxaca Platform;21,43;-105,42;PET;gas;Petroleum Economist, 2003 - Klett et al., 1997;4;-9999;3;-9999;4;Jayabo field - prospective area;National Energy Policy, year unknown - Petroleum Economist, 2003;1,2
OF227PET;Mexico;MX;70;5;227;Tampico-Misantla Basin;22,13;-97,35;PET;oil;Earth Sciences and Resources Institute, 1995 - Petroleum Economist, 2003 - Klett et al., 199;1;1966;1;1969;2;Arenque field found in 1966 and under production since the late 1960s;Earth Sciences and Resources Institute, 1995 - Baker20 et al., 1996 - Petroleum Economist, 2003;1,2
OF226PET;Mexico;MX;70;5;226;Burgos Basin;25,29;-97,17;PET;gas;Petroleum Economist, 2003 - Klett et al., 1997;3;-9999;3;-9999;3;Ramirez field - no further information available;Petroleum Economist, 2003;1,2
OF231PET;Mexico;MX;70;5;231;Campeche-Sigsbee Salt Basin;19,62;-92,93;PET;oil;Earth Sciences and Resources Institute, 1995 - Petroleum Economist, 2003 - Klett et al., 199;1;1979;1;-9999;3;Maloob field discovered in 1979;Earth Sciences and Resources Institute, 1995 - Kulke, 1995 - Petroleum Economist, 2003;1,2
OF230PET;Mexico;MX;70;5;230;Saline-Comalcalco Basin;19,70;-92,56;PET;oil;Earth Sciences and Resources Institute, 1995 - Petroleum Economist, 2003 - Klett et al., 199;1;1979;1;-9999;3;Ixtoc field found in 1979;Earth Sciences and Resources Institute, 1995 - Kulke, 1995 - Petroleum Economist, 2003;1,2
OF232PET;Mexico;MX;70;5;232;Villahermosa Uplift;19,23;-92,29;PET;oil;Earth Sciences and Resources Institute, 1995 - Petroleum Economist, 2003 - Klett et al., 199;1;1976;1;1979;1;Cantarell field discovered in 1976 and production in that area commenced in 1979;Anonymous, 2001 - Kulke, 1995 - EIA, 2004a - Petroleum Economist, 2003;1,2
OF214PET;Lithuania;LH;368;1;214;Baltic Depression;55,32;20,56;PET;oil and gas;Persits et al., 1998;2;-9999;3;-9999;4;D6 oil field planned to come on stream at the end of year 2003;Schroedter et al., 2003 - Petroleum Economist, 2003;1,2
OF346PET;Turkmenistan;TX;701;3;346;South Caspian Basin;39,57;52,46;PET;oil and gas;Persits et al., 1998;1;1955;2;1995;2;seismic exploration began in the 1950s - production is reported from two fields - Cheleken project under development since 1993;INOGATE, 2003g - Turkmenistan2000, year unknown - Anonymous, 2002;1,2
OF298PET;Russia;RS;365;1;298;Middle Caspian Basin;42,53;48,08;PET;oil and gas;Persits et al., 1998;4;1974;1;-9999;4;Inchkhe More field discovered in 1974;Ulmishek, 2001b - Caspian Energy, year unknown;1,2
OF297PET;Russia;RS;365;1;297;Middle Caspian Basin;44,66;48,74;PET;oil and gas;Persits et al., 1998 - Petroleum Economist, 2003;3;2001;1;-9999;3;Korchagina and Rakushechnoe fields found in 2001;Alekperov, 2002 - Petroleum Economist, 2003;1,2
OF296PET;Russia;RS;365;1;296;Azov-Kuban Basin;45,53;37,35;PET;oil and gas;Persits et al., 1998;3;-9999;3;-9999;3;Pribrezh field - no further information available;Petroleum Economist, 2003;1,2
OF295PET;Russia;RS;365;1;295;Azov-Kuban Basin;46,29;37,45;PET;oil and gas;Persits et al., 1998;3;-9999;3;-9999;3;Morsk field - no further information available;Petroleum Economist, 2003;1,2
OF304PET;Russia;RS;365;1;304;Tatar Strait Basin;48,96;141,66;PET;gas;Persits et al., 1998;4;-9999;3;-9999;4;exploration and surface shows of oil and gas but no commercial discovery;Kulke, 1994;1,2
OF303PET;Russia;RS;365;1;303;North Sakhalin Basin;50,31;143,98;PET;oil and gas;Persits et al., 1998;1;1972;1;-9999;3;Okruzhnoye field found in 1972 - production at least since 1990 in the whole basin;Kulke, 1994 - Lindquist, 2000 - Petroleum Economist, 2003;1,2
OF302PET;Russia;RS;365;1;302;North Sakhalin Basin;52,28;143,62;PET;oil and gas;Persits et al., 1998 - Earth Sciences and Resources Institute, 1995;1;1977;1;-9999;3;Odoptu-More field discovered in 1977 and the Chaivo-More field in 1979 - production at least since 1990 in the whole basin;Kulke, 1994 - Lindquist, 2000 - Earth Sciences and Resources Institute, 1995 - Petroleum Economist, 2003;1,2
OF301PET;Russia;RS;365;1;301;North Sakhalin Basin;53,57;142,41;PET;oil and gas;Persits et al., 1998;1;1975;2;-9999;3;exploration since the 1970s - production at least since 1990 in the whole basin;Kulke, 1994 - Lindquist, 2000;1,2
OF300PET;Russia;RS;365;1;300;North Sakhalin Basin;54,00;141,99;PET;---;Persits et al., 1998 - Earth Sciences and Resources Institute, 1995;3;1961;1;-9999;3;Severno-Kolendo field found in 1961;Earth Sciences and Resources Institute, 1995;1,2
OF294PET;Russia;RS;365;1;294;Baltic Depression;54,73;19,72;PET;oil and gas;Persits et al., 1998;3;-9999;3;-9999;3;no information available;;1,2
OF299PET;Russia;RS;365;1;299;Khatyrka Basin;62,37;176,71;PET;oil;Persits et al., 1998;4;-9999;3;-9999;4;exploration at least since 1991 - no production has been reported yet;Kulke, 1994;1,2
OF293PET;Russia;RS;365;1;293;West Siberian Basin;68,95;76,26;PET;gas;Persits et al., 1998;4;-9999;3;-9999;4;development potential;Ulmishek, 2003 - EIA, 1997;1,2
OF287PET;Russia;RS;365;1;287;Timan-Pechora Basin;69,11;53,21;PET;gas;Persits et al., 1998;1;1985;1;-9999;3;Pomor field discovered in 1985;Lindquist, 1999c - Petroleum Economist, 2003;1,2
OF286PET;Russia;RS;365;1;286;Timan-Pechora Basin;69,15;49,72;PET;oil and gas;Persits et al., 1998;3;-9999;3;-9999;3;no confirmation of Petroleum Economist - no further information available;Petroleum Economist, 2003;1,2
OF288PET;Russia;RS;365;1;288;Timan-Pechora Basin;69,17;56,93;PET;oil and gas;Persits et al., 1998;1;1977;1;-9999;3;Toravey field discovered in 1977;Lindquist, 1999c - Earth Sciences and Resources Institute, 1995 - Petroleum Economist, 2003;1,2
OF285PET;Russia;RS;365;1;285;South Barents Basin;69,85;41,63;PET;gas;Persits et al., 1998;3;1984;1;-9999;3;Murmansk field discovered in 1984;Lindquist, 1999b - Petroleum Economist, 2003;1,2
OF291PET;Russia;RS;365;1;291;West Siberian Basin;70,60;66,90;PET;gas;Persits et al., 1998;4;-9999;3;-9999;4;development potential;Ulmishek, 2003 - EIA, 1997;1,2
OF280PET;Russia;RS;365;1;280;Central Barents Platform;71,51;36,75;PET;gas;Persits et al., 1998;3;1983;1;-9999;3;N. Kildinskoye field found in 1983;Lindquist, 1999b;1,2
OF290PET;Russia;RS;365;1;290;West Siberian Basin;72,33;65,60;PET;gas;Persits et al., 1998 - Earth Sciences and Resources Institute, 1995;4;1990;1;-9999;4;Leningrad (Kara field) found in 1990 - development potential;Earth Sciences and Resources Institute, 1995 - Ulmishek, 2003 - EIA, 1997 - BISNIS, 1998;1,2
OF284PET;Russia;RS;365;1;284;South Barents Basin;73,00;48,00;PET;gas;Persits et al., 1998 - Earth Sciences and Resources Institute, 1995 - Lindquist, 1999b;3;1988;1;-9999;3;Shtokman field found in 1988;Lindquist, 1999b - Earth Sciences and Resources Institute, 1995;1,2
OF283PET;Russia;RS;365;1;283;South Barents Basin;73,09;43,72;PET;gas;Persits et al., 1998;3;-9999;3;-9999;3;no confirmation of Petroleum Economist - no further information available;Petroleum Economist, 2003;1,2
OF289PET;Russia;RS;365;1;289;West Siberian Basin;73,22;65,72;PET;gas;Persits et al., 1998 - Earth Sciences and Resources Institute, 1995;3;1982;1;-9999;3;Rusanovskoye field found in 1982 - development potential;Earth Sciences and Resources Institute, 1995 - Ulmishek, 2003 - EIA, 1997;1,2
OF292PET;Russia;RS;365;1;292;West Siberian Basin;73,43;70,28;PET;oil;Persits et al., 1998;4;-9999;3;-9999;4;development potential;Ulmishek, 2003 - EIA, 1997;1,2
OF282PET;Russia;RS;365;1;282;South Barents Basin;74,05;46,94;PET;gas;Persits et al., 1998 - Earth Sciences and Resources Institute, 1995;2;1991;1;-9999;4;Ledovoye field found in 1991 - not under production in 1998;Lindquist, 1999b - Earth Sciences and Resources Institute, 1995 - BISNIS, 1998;1,2
OF281PET;Russia;RS;365;1;281;Ludlov Saddle;74,69;47,10;PET;gas;Persits et al., 1998 - Earth Sciences and Resources Institute, 1995;2;1990;1;-9999;4;Ludlov field discovered in 1990 - not under production in 1998;Lindquist, 1999b - Earth Sciences and Resources Institute, 1995 - BISNIS, 1998;1,2
OF208PET;Kazakhstan;KZ;705;3;208;Middle Caspian Basin;44,02;50,71;PET;oil;Persits et al., 1998 - Petroleum Economist, 2003;3;-9999;3;-9999;3;Zholaskan (Skaliskoye More) - no further information available;Petroleum Economist, 2003;1,2
OF209PET;Kazakhstan;KZ;705;3;209;Middle Caspian Basin;42,93;51,35;PET;oil and gas;Persits et al., 1998 - Earth Sciences and Resources Institute, 1995 - Petroleum Economist, 2;3;2001;1;-9999;3;Rakushechnoye field found in 2001;Earth Sciences and Resources Institute, 1995 - Petroleum Economist, 2003;1,2
OF207PET;Kazakhstan;KZ;705;3;207;Middle Caspian Basin;45,18;49,99;PET;oil and gas;Persits et al., 1998 - Petroleum Economist, 2003;2;-9999;3;-9999;4;Kurmangazy field not under production yet;British Embassy, 2002 - Petroleum Economist, 2003;1,2
OF206PET;Kazakhstan;KZ;705;3;206;North Caspian Basin;46,17;52,62;PET;oil;Persits et al., 1998 - Earth Sciences and Resources Institute, 1995 - Petroleum Economist, 2;2;2000;1;-9999;4;Kashagan East field discovered in 2000 and planned to come on stream in 2005;Eni, 2003c - EIA, 2003n - Earth Sciences and Resources Institute, 1995 - Petroleum Economist, 2003;1,2
OF033PET;Azerbaijan;AJ;373;1;33;South Caspian Basin;40,20;50,55;PET;oil and gas;Persits et al., 1998;1;1945;2;1945;1;first oil well put into production in 1924;Mir Babayev, 2003;1,2
OF359PET;United Kingdom;UK;200;1;359;Ireland-Scotland Platform;51,97;-5,89;PET;gas;Pawlewicz et al., 2003 - Kulke, 1994;3;-9999;3;-9999;3;Dragon field - no further information available;Petroleum Economist, 2003;1,2
OF360PET;United Kingdom;UK;200;1;360;Irish Sea;53,83;-3,60;PET;oil and gas;Pawlewicz et al., 2003 - Kulke, 1994;1;1974;1;1985;1;Morecambe field found in 1974 and is under production since 1985;United Kingdom Offshore Operators Association, 2002b - Kulke, 1994 - Petroleum Economist, 2003;1,2
OF357PET;United Kingdom;UK;200;1;357;Anglo-Dutch Basin;53,81;1,75;PET;gas;Pawlewicz et al., 2003 - Kulke, 1994;1;1966;1;1968;1;Leman field discovered in 1966 and was put into production in 1968;Kulke, 1994 - United Kingdom Offshore Operators Association, 2002a - Petroleum Economist, 2003;1,2
OF354PET;United Kingdom;UK;200;1;354;Faeroes-Shetland-Orkney Basin;60,24;-4,24;PET;oil and gas;Pawlewicz et al., 2003 - Kulke, 1994;1;1992;1;1998;1;Foinaven field discovered in 1992 and Schiebhallion field commenced production in 1998;United Kingdom Offshore Operators Association, 2002b - Aurora Environmental Ltd., 2003 - Petroleum Economist, 2003;1,2
OF355PET;United Kingdom;UK;200;1;355;Faeroes-Shetland-Orkney Basin;60,93;-2,38;PET;oil and gas;Pawlewicz et al., 2003 - Kulke, 1994;2;1977;1;-9999;4;Clair field found in 1977 and in 1997 an agreement to jointly develop the field was signed;BP, year unknown - Kulke, 1994 - Petroleum Economist, 2003;1,2
OF356PET;United Kingdom;UK;200;1;356;North Sea Graben;58,58;0,99;PET;oil and gas;Pawlewicz et al., 2003 - Kulke, 1994;1;1970;1;1975;1;Forties field found in 1970 and came on stream in 1975;Kulke, 1994 - United Kingdom Offshore Operators Association, 2002a - Petroleum Economist, 2003;1,2
OF358PET;United Kingdom;UK;200;1;358;Anglo-Paris Basin;50,56;-1,77;PET;oil and gas;Pawlewicz et al., 2003 - Kulke, 1994;3;-9999;3;-9999;3;no confirmation of Petroleum Economist - no further information available;Petroleum Economist, 2003;1,2
OF344PET;Turkey;TU;640;2;344;Aegean;40,93;28,20;PET;gas;Pawlewicz et al., 2003;1;1997;2;1997;1;Kuzey field came on stream in 1997;Kulke, 1994 - EIA, 2004b;1,2
OF345PET;Turkey;TU;640;2;345;Thrace/Samsun;41,26;31,09;PET;gas;Pawlewicz et al., 2003;2;1976;1;-9999;4;Akcakoca well found in 1976 but turned out to be uneconomic;Tuerkiye Petrollerie A.O., 2002 - Kulke, 1994;1,2
OF315PET;Spain;SP;230;1;315;Alentejo-Guadalquivir Basin;36,45;-6,48;PET;gas;Pawlewicz et al., 2003;3;-9999;3;-9999;3;no confirmation of Petroleum Economist - no further information available;Petroleum Economist, 2003;1,2
OF316PET;Spain;SP;230;1;316;Alentejo-Guadalquivir Basin;36,90;-7,05;PET;gas;Pawlewicz et al., 2003;2;1977;1;-9999;4;Golfo de Cadiz field found in 1977 but was not developed;Kulke, 1994 - Petroleum Economist, 2003;1,2
OF319PET;Spain;SP;230;1;319;Iberic Cordillera;40,56;1,11;PET;oil and gas;Pawlewicz et al., 2003;1;1970;1;2002;2;Amposta Marino field found in 1970 - Montanazo D-Casablanca field producing at least since 2002;Kulke, 1994 - Oranje-Nassau Energie B.V., 2002 - Petroleum Economist, 2003;1,2
OF318PET;Spain;SP;230;1;318;Pyrenean Foothills-Ebro Basin;43,58;-2,78;PET;gas;Pawlewicz et al., 2003;2;1978;2;-9999;4;Gaviota field discovered in 1978 and under production until 1995;Kulke, 1994 - Yahoo! Inc, 2002b - Petroleum Economist, 2003;1,2
OF317PET;Spain;SP;230;1;317;Spanish Trough-Cantabrian Zon;43,69;-4,84;PET;oil;Pawlewicz et al., 2003;3;-9999;3;-9999;3;no confirmation of Petroleum Economist - no further information available;Petroleum Economist, 2003;1,2
OF279PET;Romania;RO;360;1;279;West Black Sea Basin;44,17;30,13;PET;gas;Pawlewicz et al., 2003;2;2000;1;-9999;4;Doina field discovered in 2000 - no production was planned in 2001;USI ROMANIA, 2001 - Sterling Resources, 2001 - Petroleum Economist, 2003;1,2
OF278PET;Romania;RO;360;1;278;West Black Sea Basin;44,55;29,34;PET;oil;Pawlewicz et al., 2003;1;1987;2;1987;1;Lebada field commenced production in 1987;Kulke, 1994 - S.N.P. PETROM S.A., 2004 - Petroleum Economist, 2003;1,2
OF275PET;Poland;PL;290;1;275;Baltic Depression;55,36;18,03;PET;oil and gas;Pawlewicz et al., 2003;1;1981;1;1992;1;B3 field discovered in 1981 and came on stream in 1992;Anonymous, 2001 - Stainless Steel World, 2003 - Petroleum Economist, 2003;1,2
OF261PET;Norway;NO;385;1;261;Kola Monocline-Finnmark Platf;71,52;28,08;PET;oil;Pawlewicz et al., 2003 - North Sea Digital Atlas, 2004;2;1994;1;-9999;4;7128/4-1 field found in 1994 - in 1999 development was not planned and is not very likely;Norwegian Petroleum Directorate, 1999 - Petroleum Economist, 2003;1,2
OF260PET;Norway;NO;385;1;260;Hammerfest-Varanger Basin;72,23;26,48;PET;gas;Pawlewicz et al., 2003 - North Sea Digital Atlas, 2004;2;1987;1;-9999;4;7226/11-4 field discovered in 1987 - in 1999 development was not planned and is not very likely;Norwegian Petroleum Directorate, 1999 - Petroleum Economist, 2003;1,2
OF259PET;Norway;NO;385;1;259;Hammerfest-Varanger Basin;71,75;24,78;PET;gas;Pawlewicz et al., 2003 - North Sea Digital Atlas, 2004;2;1987;1;-9999;4;7122/6-1 field found in 1987 - in 1999 development was not planned but may be developed in the long term;Norwegian Petroleum Directorate, 1999 - Petroleum Economist, 2003;1,2
OF258PET;Norway;NO;385;1;258;Hammerfest-Varanger Basin;71,49;21,04;PET;oil and gas;Pawlewicz et al., 2003 - North Sea Digital Atlas, 2004;2;1981;1;-9999;4;Asekladd field discovered in 1981 - development for the Snoehvit, Askeladd and Albatross fields planned and expected to commence p;Smith, year unknown - Statoil, 2004 - World Oil, 2004 - Petroleum Economist, 2003;1,2
OF257PET;Norway;NO;385;1;257;Vestford-Helgeland;65,09;7,38;PET;oil and gas;Pawlewicz et al., 2003 - North Sea Digital Atlas, 2004;1;1982;1;1993;1;Tyrihans and Midgard fields found in 1982 - Draugen field was put into production in 1993;Kulke, 1994 - Petroleum Economist, 2003;1,2
OF255PET;Norway;NO;385;1;255;Horda-Norwegian-Danish Basin;58,02;4,13;PET;oil;Pawlewicz et al., 2003 - North Sea Digital Atlas, 2004;1;1972;1;1996;1;Bream field found in 1972 and the Yme, Yme Gamma, Beta East and Beta West fields came on stream in 1996;Norwegian Petroleum Directorate, 1999 - Norsk Hydro, 1999 - Petroleum Economist, 2003;1,2
OF256PET;Norway;NO;385;1;256;Baltic Shield-Norwegian Caled;62,19;4,41;PET;oil and gas;Pawlewicz et al., 2003 - North Sea Digital Atlas, 2004;2;1980;1;-9999;4;Agat field discovered in 1980 but was still undeveloped in 2004;Norwegian Petroleum Directorate, 1999 - Lundin, 2004b - Petroleum Economist, 2003;1,2
OF254PET;Norway;NO;385;1;254;North Sea Graben;59,36;2,64;PET;oil and gas;Pawlewicz et al., 2003 - North Sea Digital Atlas, 2004;1;1969;1;1971;1;Cod and Ekofisk fields discovered in 1969 and the Ekofisk came on stream in 1971;Kulke, 1994 - Petroleum Economist, 2003;1,2
OF242PET;Netherlands;NL;210;1;242;North Sea Graben;55,12;4,29;PET;oil and gas;Pawlewicz et al., 2003 - Kulke, 1994;1;1972;2;1972;1;A18 field was put into production in 1972;Ministerie van Economische Zaken, 2002 - Kulke, 1994 - Petroleum Economist, 2003;1,2
OF243PET;Netherlands;NL;210;1;243;Mid-North Sea High;54,59;3,68;PET;gas;Pawlewicz et al., 2003 - Kulke, 1994;3;-9999;3;-9999;3;no information available - fields could not be identified due to the fact that they are close to the other basin;Ministerie van Economische Zaken, 2002 - Kulke, 1994 - Petroleum Economist, 2003;1,2
OF241PET;Netherlands;NL;210;1;241;North Sea Graben;54,07;4,76;PET;oil and gas;Pawlewicz et al., 2003 - Kulke, 1994;1;1982;1;1985;1;Logger L/16 field found in 1982 and came on stream in 1985;Anonymous, 2001 - Kulke, 1994 - Ministerie van Economische Zaken, 2002;1,2
OF244PET;Netherlands;NL;210;1;244;Anglo-Dutch Basin;53,27;3,62;PET;oil and gas;Pawlewicz et al., 2003 - Kulke, 1994;1;1968;1;1981;1;Halfweg field discovered in 1968 and the Helm field came on stream in 1981;UNOCAL, 2001a - UNOCAL, 2001b - Kulke, 1994 - Petroleum Economist, 2003;1,2
OF245PET;Netherlands;NL;210;1;245;Northwest German Basin;53,45;5,91;PET;gas;Pawlewicz et al., 2003 - Kulke, 1994;1;1983;2;1988;1;Zuidwal field concession awarded in 1983 and commenced production in 1988;Ministerie van Economische Zaken, 2002 - Lundin, 2004a - Petroleum Economist, 2003;1,2
OF190PET;Italy;IT;325;1;190;Sicily;36,50;14,61;PET;oil;Pawlewicz et al., 2003;1;1958;1;1961;1;Gela field discovered in 1958 and came on stream in 1961;Tali et al., 2002 - Petroleum Economist, 2003;1,2
OF191PET;Italy;IT;325;1;191;Sicily;37,66;12,08;PET;oil;Pawlewicz et al., 2003;3;-9999;3;-9999;3;Narciso field - no further information available;Petroleum Economist, 2003;1,2
OF186PET;Italy;IT;325;1;186;Adriatic Basin;40,90;18,47;PET;oil and gas;Pawlewicz et al., 2003 - INA_b, year unknown;1;1980;2;1993;2;Aquila field discovered around 1980 and development in 1993;Kulke, 1994 - Michelotti, 2004;1,2
OF184PET;Italy;IT;325;1;184;Po Basin;44,45;13,12;PET;gas;Pawlewicz et al., 2003 - INA_b, year unknown;1;1968;1;-9999;3;Porto Garibaldi field found in 1968;Lindquist, 1999a;1,2
OF185PET;Italy;IT;325;1;185;Adriatic Basin;43,37;14,05;PET;oil;Pawlewicz et al., 2003 - INA_b, year unknown;1;1979;1;-9999;3;Sarago Mare field discovered in 1979;Anonymous, 2001 - Petroleum Economist, 2003;1,2
OF187PET;Italy;IT;325;1;187;Alps;42,66;14,52;PET;oil and gas;Pawlewicz et al., 2003 - INA_b, year unknown;1;1975;1;1982;2;Rospo Mare field found in 1975 and a pilot project with horizontal drilling started in 1982;Anonymous, 2001 - Kulke, 1994 -  Shirley, 2000 - Petroleum Economist, 2003;1,2
OF189PET;Italy;IT;325;1;189;Tuscany-Latium-Paola;39,21;17,31;PET;gas;Pawlewicz et al., 2003;1;1997;2;1997;2;Luna field under production at least since 1997;International Energy Agency, 1999 - Petroleum Economist, 2003;1,2
OF188PET;Italy;IT;325;1;188;Alps;39,76;16,76;PET;gas;Pawlewicz et al., 2003;3;-9999;3;-9999;3;Laura field - no further information available;Petroleum Economist, 2003;1,2
OF182PET;Ireland;EI;205;1;182;Ireland-Scotland Platform;51,38;-7,85;PET;oil and gas;Pawlewicz et al., 2003;1;1971;1;1978;1;Kinsale Head field discovered in 1971 and came on stream in 1978;Kulke, 1994 - IOOA, 2003 - Petroleum Economist, 2003;1,2
OF181PET;Ireland;EI;205;1;181;Ireland-Scotland Platform;52,87;-12,49;PET;oil;Pawlewicz et al., 2003;2;1997;1;-9999;4;Connemara field appraised in 1997 and development planned in the same year but abandoned in 1999;Alexander?s Gas & Oil Connections, 1997a - Alexander?s Gas & Oil Connections, 1999 - Petroleum Economist, 2003;1,2
OF180PET;Ireland;EI;205;1;180;Ireland-Scotland Platform;54,75;-10,58;PET;gas;Pawlewicz et al., 2003 - Petroleum Economist, 2003;4;1996;1;-9999;4;Corrib field found in 1996 and will go online in 2005;Marathon Oil Corporation, 1999 - Statoil, 2003 - Petroleum Economist, 2003;1,2
OF123PET;Greece;GR;350;1;123;Dinaric Alps;37,56;21,23;PET;oil;Pawlewicz et al., 2003;3;-9999;3;-9999;3;no confirmation of Petroleum Economist - no further information available;Petroleum Economist, 2003;1,2
OF124PET;Greece;GR;350;1;124;Aegean;40,30;22,86;PET;oil;Pawlewicz et al., 2003 - Petroleum Economist, 2003;2;1989;1;-9999;4;Epanomi field found in 1989 - exploitation was concerned in 1999;Woodruff, year unknown - Anonymous, 1999 - Petroleum Economist, 2003;1,2
OF125PET;Greece;GR;350;1;125;Aegean;40,68;24,76;PET;oil and gas;Pawlewicz et al., 2003 - Petroleum Economist, 2003;1;1972;1;1981;1;Kavala field discovered in 1972, Kavala and Prinos fields came on stream in 1981 and the North Prinos field in 1996;ICAP, year unknown - Petroleum Economist, 2003;1,2
OF117PET;Germany;GM;255;1;117;Northwest German Basin;54,04;8,62;PET;oil;Pawlewicz et al., 2003 - Kulke, 1994;1;1980;1;1987;1;Mittelplate field discovered in 1980 and commenced production in 1987;Anonymous, 2001 - RWE Dea, year unknown - Petroleum Economist, 2003;1,2
OF116PET;Germany;GM;255;1;116;Northwest German Basin;53,90;6,82;PET;gas;Pawlewicz et al., 2003 - Kulke, 1994;3;1994;2;-9999;3;H15 field at least known since 1994 - no further information available;Kulke, 1994 - Petroleum Economist, 2003;1,2
OF118PET;Germany;GM;255;1;118;Northwest German Basin;54,62;10,23;PET;oil;Pawlewicz et al., 2003 - Kulke, 1994;1;1978;1;1984;1;Schwedeneck-See field found in 1978 and was put into production in 1984;Anonymous, 2001 - RWE Dea, year unknown - Petroleum Economist, 2003;1,2
OF115PET;Germany;GM;255;1;115;North Sea Graben;55,79;3,96;PET;gas;Pawlewicz et al., 2003 - Kulke, 1994;1;1974;1;2000;1;A6 field found in 1974 and came on stream in 2000;Anonymous, 2001 - Kulke, 1994 - SPIEGEL ONLINE, 2001 - Petroleum Economist, 2003;1,2
OF104PET;Denmark;DA;390;1;104;Horda-Norwegian-Danish Basin;56,50;4,97;PET;oil;Pawlewicz et al., 2003 - Kulke, 1994;1;1995;1;1999;1;Siri fiield found in 1995 and was put into production in 1999;Anonymous, 2001 - Petroleum Economist, 2003 - EIA, 2003q;1,2
OF103PET;Denmark;DA;390;1;103;North Sea Graben;55,86;4,45;PET;oil and gas;Pawlewicz et al., 2003 - Kulke, 1994;1;1966;1;1972;1;Kraka field discovered in 1966 and Dan field came on stream in 1972;Kulke, 1994 - Petroleum Economist, 2003;1,2
OF102PET;Croatia;HR;344;1;102;Alps;43,30;16,46;PET;gas;Pawlewicz et al., 2003 - Kulke, 1994 - INA_b, year unknown;3;-9999;3;-9999;3;no confirmation of Petroleum Economist - no further information available;Petroleum Economist, 2003;1,2
OF101PET;Croatia;HR;344;1;101;Adriatic Basin;43,71;15,14;PET;oil;Pawlewicz et al., 2003 - Kulke, 1994 - INA_b, year unknown;2;1997;2;-9999;4;Aiza-Laura field: Production Sharing Agreement signed in 1997 - production expected for 2005;INA_a, year unknown  - INA_b, year unknown - Platts, year unknown;1,2
OF100PET;Croatia;HR;344;1;100;Po Basin;44,12;13,87;PET;gas;Pawlewicz et al., 2003 - Kulke, 1994 - INA_b, year unknown;1;1977;1;1999;1;Ivana field found in 1977 and came on stream in 1999;Lindquist, 1999a - Petroleum Economist, 2003 - Hall et al., 2000 - Yahoo! Inc, 2002a;1,2
OF060PET;Bulgaria;BU;355;1;60;West Black Sea Basin;42,98;28,20;PET;gas;Pawlewicz et al., 2003;2;1984;1;-9999;4;Samotino More well drilled in 1984 - production was prospected for 2002, but there is no further information;Melrose Resources, 2001 - Kulke, 1994;1,2
OF059PET;Bulgaria;BU;355;1;59;West Black Sea Basin;43,47;28,81;PET;oil;Pawlewicz et al., 2003 - Petroleum Economist, 2003;4;-9999;3;-9999;4;block still under exploration in 2004 - offsetting of the onshore Tyulenovo field;Melrose Resources, 2004 - Petroleum Economist, 2003;1,2
OF381PET;Vietnam;VM;816;3;381;South China Continental Shelf;15,82;109,39;PET;gas;Steinshouer et al., 1999;3;-9999;3;-9999;3;no conformation of Petroleum Economist;Petroleum Economist, 2003;1,2
OF382PET;Vietnam;VM;816;3;382;Mekong/Cuulong/Vung Tau Basin;9,93;108,08;PET;oil and gas;Steinshouer et al., 1999;1;1981;1;1986;1;Bach Ho (White Tiger) field discovered in 1981 and came on stream in 1986;CCOP, 2002k - Anonymous, 2001 - Petroleum Economist, 2003;1,2
OF383PET;Vietnam;VM;816;3;383;Saigon Basin;8,06;108,57;PET;oil and gas;Steinshouer et al., 1999;1;1985;1;1994;1;Dai Hung field discovered in 1985 and put into production in 1994;CCOP, 2002k - Anonymous, 2001 - Petroleum Economist, 2003;1,2
OF334PET;Thailand;TH;800;3;334;Thai Basin;7,87;101,34;PET;oil;Steinshouer et al., 1999;1;1973;2;1981;2;whole basin: first discovery in 1971 and first production in 1981 at the Erawan field;Kulke, 1994 - CCOP, 2002j - Petroleum Economist, 2003;1,2
OF333PET;Thailand;TH;800;3;333;Thai Basin;10,15;99,44;PET;oil;Steinshouer et al., 1999;1;1987;1;1988;1;Nang Nuan field discovered in 1987 and put into production in 1988;Kulke, 1994 - CCOP, 2002j;1,2
OF331PET;Thailand;TH;800;3;331;Thai Basin;10,52;100,28;PET;oil;Steinshouer et al., 1999;1;1973;2;1981;2;whole basin: first discovery in 1971 and first production in 1981 at the Erawan field;Kulke, 1994 - CCOP, 2002j - Petroleum Economist, 2003;1,2
OF330PET;Thailand;TH;800;3;330;Thai Basin;11,32;101,21;PET;oil;Steinshouer et al., 1999;1;1973;2;1981;2;whole basin: first discovery in 1971 and first production in 1981 at the Erawan field;Kulke, 1994 - CCOP, 2002j - Petroleum Economist, 2003;1,2
OF329PET;Thailand;TH;800;3;329;Thai Basin;11,65;100,61;PET;oil;Steinshouer et al., 1999;1;1973;2;1981;2;whole basin: first discovery in 1971 and first production in 1981 at the Erawan field;Kulke, 1994 - CCOP, 2002j - Petroleum Economist, 2003;1,2
OF332PET;Thailand;TH;800;3;332;Thai Basin;9,50;101,38;PET;oil and gas;Steinshouer et al., 1999;1;1973;1;1981;1;Erawan field discovered in 1971 and came on stream in 1981;Kulke, 1994 - CCOP, 2002j - Petroleum Economist, 2003;1,2
OF336PET;Thailand;TH;800;3;336;Malay Basin;7,99;102,44;PET;oil and gas;Steinshouer et al., 1999;1;1973;1;1993;1;Bongkot field discovered in 1973 and production start-up in 1993;Petroleum Economist, 2003 - Anonymous, 2001 - PTTEP, 2003a;1,2
OF335PET;Thailand;TH;800;3;335;Thai Basin;7,58;100,78;PET;oil;Steinshouer et al., 1999;1;1973;2;1981;2;whole basin: first discovery in 1971 and first production in 1981 at the Erawan field;Kulke, 1994 - CCOP, 2002j - Petroleum Economist, 2003;1,2
OF337PET;Thailand;TH;800;3;337;Malay Peninsula;7,41;100,55;PET;oil;Steinshouer et al., 1999;4;1988;1;-9999;4;Songkhla field  - development planned;Kulke, 1994 - CCOP, 2002j;1,2
OF325PET;Taiwan;TW;713;3;325;Taixinan Basin;22,51;119,15;PET;gas;Steinshouer et al., 1999;3;-9999;3;-9999;3;no information available - no confirmation of Petroleum Economist;Petroleum Economist, 2003;1,2
OF324PET;Taiwan;TW;713;3;324;Taixinan Basin;22,70;120,07;PET;gas;Steinshouer et al., 1999;3;-9999;3;-9999;3;no information available - no confirmation of Petroleum Economist;Petroleum Economist, 2003;1,2
OF323PET;Taiwan;TW;713;3;323;East China Sea Basin;23,97;120,09;PET;gas;Steinshouer et al., 1999;3;-9999;3;-9999;3;no information available;;1,2
OF322PET;Taiwan;TW;713;3;322;East China Sea Basin;24,74;120,57;PET;oil and gas;Steinshouer et al., 1999;3;-9999;3;-9999;3;no information available;;1,2
OF321PET;Taiwan;TW;713;3;321;East China Sea Basin;25,96;121,48;PET;oil;Steinshouer et al., 1999;3;-9999;3;-9999;3;no information available - no confirmation of Petroleum Economist;Petroleum Economist, 2003;1,2
OF314PET;South Korea;KS;732;3;314;Tsushima Basin/Japan Volcanic;35,28;130,10;PET;gas;Steinshouer et al., 1999;1;1998;1;2003;1;Donghae field discovered in 1998 and came on stream in November 2003;CCOP, 2002h - CCOP, 2002i - EIA, 2003v;1,2
OF271PET;Philippines;RP;840;3;271;Palawan Shelf;9,38;117,60;PET;gas;Steinshouer et al., 1999;3;-9999;3;-9999;3;no confirmation of Petroleum Economist;Petroleum Economist, 2003;1,2
OF274PET;Philippines;RP;840;3;274;Reed Bank Basin;10,43;116,61;PET;gas;Steinshouer et al., 1999;3;-9999;3;-9999;3;no confirmation of Petroleum Economist;Petroleum Economist, 2003;1,2
OF273PET;Philippines;RP;840;3;273;Visayan;11,28;124,06;PET;oil;Steinshouer et al., 1999;4;1963;1;-9999;4;basin under exploration;EIA, 2003t - San Roque Dam Project, 2001;1,2
OF272PET;Philippines;RP;840;3;272;Philippine Magmatic Arc;11,59;121,69;PET;oil;Steinshouer et al., 1999;3;-9999;3;-9999;3;Panagatani and Semirara fields - included in the Malampaya Pipeline Project - no further information available;Petroleum Economist, 2003;1,2
OF270PET;Philippines;RP;840;3;270;Palawan Shelf;11,84;119,27;PET;oil and gas;Steinshouer et al., 1999;1;1976;1;1979;1;Nido field discovered in 1976 and started operating in 1979;Kulke, 1994 - Petroleum Economist, 2003;1,2
OF266PET;Papua New Guinea;PP;910;3;266;Papuan Basin-Shelf Platform;-9,16;144,99;PET;gas;Steinshouer et al., 1999;2;1988;1;-9999;4;Pandora field found in 1988 - field is not producing;Petroleum Economist, 2003 - Petroleum Division, 2002 - CCOP, 2002f;1,2
OF265PET;Papua New Guinea;PP;910;3;265;Papuan Basin-Shelf Platform;-8,60;144,89;PET;gas;Steinshouer et al., 1999;2;1968;1;-9999;4;Pasca field discovered in 1968 - field is not producing;Petroleum Economist, 2003 - Petroleum Division, 2002 - CCOP, 2002f;1,2
OF264PET;Papua New Guinea;PP;910;3;264;Papuan Basin-Shelf Platform;-7,84;144,68;PET;gas;Steinshouer et al., 1999;2;1968;1;-9999;4;Uramu field discovered in 1968 and is under development;Petroleum Economist, 2003 - CCOP, 2002f - Petroleum Division, 2001;1,2
OF253PET;North Korea;KN;731;3;253;Korea Bay Basin;38,57;123,94;PET;oil;Steinshouer et al., 1999;4;-9999;3;-9999;4;several blocks under exploration;EIA, 2002g - CCOP, 2002i;1,2
OF246PET;New Zealand;NZ;920;3;246;Great South Basin;-48,92;169,10;PET;gas;Steinshouer et al., 1999;4;1980;2;-9999;4;exploration wells were drilled between 1976 and 1984 in the basin - discoveries are non-commercial;New Zealand Petroleum, 2003a;1,2
OF247PET;New Zealand;NZ;920;3;247;Great South Basin;-45,49;171,17;PET;gas;Steinshouer et al., 1999;4;1980;2;-9999;4;exploration wells were drilled between 1976 and 1984 in the basin - discoveries are non-commercial;New Zealand Petroleum, 2003a;1,2
OF249PET;New Zealand;NZ;920;3;249;Taranaki Basin;-39,83;174,10;PET;oil and gas;Steinshouer et al., 1999;4;1986;1;-9999;4;Kupe field discovered in 1986;New Zealand Petroleum, 2002;1,2
OF248PET;New Zealand;NZ;920;3;248;Taranaki Basin;-39,85;173,28;PET;oil and gas;Steinshouer et al., 1999;1;1969;1;1979;1;Maui field discovered in 1969 and came on stream 1979;World Energy Council, 2001 - Anonymous, 2001 - Petroleum Economist, 2003;1,2
OF250PET;New Zealand;NZ;920;3;250;Taranaki Basin;-38,96;173,96;PET;oil;Steinshouer et al., 1999;4;2000;1;-9999;4;Pohokura field was a prospected area in 1999 and in 2000 the field itself was discovered;New Zealand Petroleum, 2002 - Petroleum Economist, 2003;1,2
OF251PET;New Zealand;NZ;920;3;251;Taranaki Basin;-38,38;173,85;PET;oil;Steinshouer et al., 1999;3;-9999;3;-9999;3;no confirmation of Petroleum Economist;Petroleum Economist, 2003;1,2
OF235PET;Burma;BM;775;3;235;Irrawaddy;15,20;94,94;PET;oil and gas;Wandrey et al., 1999;1;1995;1;-9999;3;Yadana field discovered in 1995;Yangon City, year unknown - UZA/Information Center (MOGE), year unknown;1,2
OF236PET;Burma;BM;775;3;236;Irrawaddy;13,42;94,25;PET;oil and gas;Wandrey et al., 1999;3;-9999;3;-9999;3;no confirmation of Petroleum Economist;Petroleum Economist, 2003;1,2
OF237PET;Burma;BM;775;3;237;Irrawaddy;12,25;93,82;PET;oil and gas;Wandrey et al., 1999;3;-9999;3;-9999;3;no confirmation of Petroleum Economist;Petroleum Economist, 2003;1,2
OF238PET;Burma;BM;775;3;238;Irrawaddy;13,14;96,84;PET;oil and gas;Wandrey et al., 1999;1;1992;1;2000;1;Yetagun field found in 1992 and came on stream in 2000;Yangon City, year unknown - PremierOil, year unknown - UZA/Information Center (MOGE), year unknown;1,2
OF239PET;Burma;BM;775;3;239;Indo-Burman;11,81;92,81;PET;oil and gas;Wandrey et al., 1999;3;-9999;3;-9999;3;no confirmation of Petroleum Economist;Petroleum Economist, 2003;1,2
OF219PET;Malaysia;MY;820;3;219;Greater Sarawak Basin;4,58;111,17;PET;gas;Steinshouer et al., 1999;1;1972;2;-9999;3;whole basin: first field discovered in 1972 - production at least since 1988;Anonymous, 2001 - Petroleum Economist, 2003 - Kulke, 1994 - Malaysia Information, 2003;1,2
OF222PET;Malaysia;MY;820;3;222;Baram Delta/Brunei-Sabah Basi;5,58;114,85;PET;oil and gas;Steinshouer et al., 1999;1;1972;1;-9999;3;Samarang field discovered in 1972 - production at least since 1988;Anonymous, 2001 - Petroleum Economist, 2003 - Kulke, 1994 - Malaysia Information, 2003;1,2
OF217PET;Malaysia;MY;820;3;217;North Sumatra Basin;5,88;98,15;PET;gas;Steinshouer et al., 1999;3;-9999;3;-9999;3;no conformation of Petroleum Economist;Petroleum Economist, 2003;1,2
OF224PET;Malaysia;MY;820;3;224;Sulu Sea Basin;5,85;118,77;PET;oil and gas;Steinshouer et al., 1999;1;-9999;3;-9999;3;Nymphe and Nymphe North fields;Abando et al., 2002;1,2
OF223PET;Malaysia;MY;820;3;223;Baram Delta/Brunei-Sabah Basi;6,55;115,88;PET;oil and gas;Steinshouer et al., 1999;1;1971;1;-9999;3;Erb West field discovered in 1971 - production at least since 1988;Anonymous, 2001 - Petroleum Economist, 2003 - Kulke, 1994 - Malaysia Information, 2003;1,2
OF221PET;Malaysia;MY;820;3;221;Baram Delta/Brunei-Sabah Basi;4,67;113,78;PET;oil and gas;Steinshouer et al., 1999;1;1963;1;-9999;3;Baram field discovered in 1963 - production at least since 1988;Anonymous, 2001 - Petroleum Economist, 2003 - Kulke, 1994 - Malaysia Information, 2003;1,2
OF220PET;Malaysia;MY;820;3;220;Greater Sarawak Basin;4,21;112,35;PET;oil and gas;Steinshouer et al., 1999;1;1972;1;-9999;3;Temana field discovered in 1972 - production at least since 1988;Anonymous, 2001 - Petroleum Economist, 2003 - Kulke, 1994 - Malaysia Information, 2003;1,2
OF216PET;Malaysia;MY;820;3;216;Malay Basin;6,09;104,39;PET;oil and gas;Steinshouer et al., 1999;1;1971;1;-9999;3;Seligi field discovered in 1971 - production at least since 1988;Anonymous, 2001 - Kulke, 1994 - Malaysia Information, 2003;1,2
OF218PET;Malaysia;MY;820;3;218;Penyu/West Natuna Basin;4,34;104,91;PET;oil and gas;Steinshouer et al., 1999;3;-9999;3;-9999;3;Malong, Sotong, Anding and Duyong field;Kulke, 1994 - Petroleum Economist, 2003;1,2
OF198PET;Japan;JA;740;3;198;Japan Volcanic Arc/Accreted T;34,81;138,48;PET;gas;Steinshouer et al., 1999;3;-9999;3;-9999;3;no information available - no confirmation of Petroleum Economist;Petroleum Economist, 2003;1,2
OF205PET;Japan;JA;740;3;205;Kanto Basin;35,49;139,88;PET;gas;Steinshouer et al., 1999;3;-9999;3;-9999;3;no information available - no confirmation of Petroleum Economist;Petroleum Economist, 2003;1,2
OF204PET;Japan;JA;740;3;204;Kanto Basin;35,47;140,63;PET;gas;Steinshouer et al., 1999;3;-9999;3;-9999;3;no information available - no confirmation of Petroleum Economist;Petroleum Economist, 2003;1,2
OF201PET;Japan;JA;740;3;201;Sea of Japan Backarc Basin;39,26;136,94;PET;oil;Steinshouer et al., 1999;3;-9999;3;-9999;3;no information available - no confirmation of Petroleum Economist;Petroleum Economist, 2003;1,2
OF199PET;Japan;JA;740;3;199;Ishikari Hidaka Basin;42,40;141,74;PET;gas;Steinshouer et al., 1999;3;-9999;3;-9999;3;no information available - no confirmation of Petroleum Economist;Petroleum Economist, 2003;1,2
OF193PET;Japan;JA;740;3;193;Japan Volcanic Arc/Accreted T;43,34;141,22;PET;oil;Steinshouer et al., 1999;3;-9999;3;-9999;3;no information available - no confirmation of Petroleum Economist;Petroleum Economist, 2003;1,2
OF192PET;Japan;JA;740;3;192;Japan Volcanic Arc/Accreted T;45,18;141,08;PET;oil;Steinshouer et al., 1999;3;-9999;3;-9999;3;no information available - no confirmation of Petroleum Economist;Petroleum Economist, 2003;1,2
OF194PET;Japan;JA;740;3;194;Japan Volcanic Arc/Accreted T;40,07;139,75;PET;oil and gas;Steinshouer et al., 1999;1;1972;2;-9999;3;discovered at least 1972;Kulke, 1994;1,2
OF200PET;Japan;JA;740;3;200;Akita Basin;39,45;139,80;PET;oil and gas;Steinshouer et al., 1999;1;1972;2;-9999;3;discovered at least 1972;Kulke, 1994;1,2
OF195PET;Japan;JA;740;3;195;Japan Volcanic Arc/Accreted T;38,27;139,30;PET;oil and gas;Steinshouer et al., 1999;1;1972;2;-9999;3;discovered at least 1972;Kulke, 1994;1,2
OF202PET;Japan;JA;740;3;202;Niigata Basin;37,89;138,77;PET;oil and gas;Steinshouer et al., 1999;1;1976;2;1984;1;first discovery at least 1976 - Aga-Kita field discovered in 1981;Kulke, 1994 - TEIKOKU, 2001;1,2
OF196PET;Japan;JA;740;3;196;Japan Volcanic Arc/Accreted T;37,38;138,18;PET;oil and gas;Steinshouer et al., 1999;1;1972;2;-9999;3;discovered at least 1972;Kulke, 1994;1,2
OF197PET;Japan;JA;740;3;197;Japan Volcanic Arc/Accreted T;37,24;141,76;PET;gas;Steinshouer et al., 1999;3;-9999;3;-9999;3;no information available - no confirmation of Petroleum Economist;Petroleum Economist, 2003;1,2
OF203PET;Japan;JA;740;3;203;Joban Basin;37,12;141,36;PET;gas;Steinshouer et al., 1999;1;1976;2;1984;1;first discovery at least 1976 - Iwaki field put into production in 1984;Kulke, 1994 - TEIKOKU, 2001;1,2
OF167PET;Indonesia;ID;850;3;167;Banda Arc;-9,44;125,34;PET;oil;Steinshouer et al., 1999;3;-9999;3;-9999;3;no confirmation of Petroleum Economist;Petroleum Economist, 2003;1,2
OF159PET;Indonesia;ID;850;3;159;Bali Basin;-7,33;116,61;PET;oil;Steinshouer et al., 1999;3;-9999;3;-9999;3;no information available;;1,2
OF156PET;Indonesia;ID;850;3;156;East Java Basin;-7,17;114,92;PET;gas;Steinshouer et al., 1999;3;-9999;3;-9999;3;no information available;;1,2
OF153PET;Indonesia;ID;850;3;153;Northwest Java Basin;-6,55;109,75;PET;gas;Steinshouer et al., 1999;3;-9999;3;-9999;3;no confirmation of Petroleum Economist;Petroleum Economist, 2003;1,2
OF155PET;Indonesia;ID;850;3;155;East Java Basin;-6,80;113,19;PET;oil and gas;Steinshouer et al., 1999;1;1975;1;1978;1;Poleng field discovered in 1975 and put into production in 1978;Kulke, 1994;1,2
OF154PET;Indonesia;ID;850;3;154;East Java Basin;-5,98;111,73;PET;oil and gas;Steinshouer et al., 1999;3;-9999;3;-9999;3;no confirmation of Petroleum Economist;Petroleum Economist, 2003;1,2
OF166PET;Indonesia;ID;850;3;166;Arafura Basin-Irian Jaya;-4,74;135,70;PET;gas;Steinshouer et al., 1999;4;-9999;3;-9999;4;no confirmation of Petroleum Economist - exploration has been reported from that basin;Petroleum Economist, 2003 - Kulke, 1994;1,2
OF152PET;Indonesia;ID;850;3;152;Northwest Java Basin;-5,53;107,19;PET;oil and gas;Steinshouer et al., 1999;1;1969;1;1989;2;Arjuna B, E and F fields discovered in 1969 - production at least since 1989;Kulke, 1994 - Bishop, 2000;1,2
OF164PET;Indonesia;ID;850;3;164;Bintuni/Sulawati Province;-2,45;132,87;PET;gas;Steinshouer et al., 1999;3;-9999;3;-9999;3;no confirmation of Petroleum Economist;Petroleum Economist, 2003;1,2
OF162PET;Indonesia;ID;850;3;162;Sulawesi Accretionary Prism;-1,71;125,84;PET;gas;Steinshouer et al., 1999;3;-9999;3;-9999;3;no confirmation of Petroleum Economist;Petroleum Economist, 2003;1,2
OF165PET;Indonesia;ID;850;3;165;Northern Irian Jaya Waropen B;-1,37;137,29;PET;gas;Steinshouer et al., 1999;3;-9999;3;-9999;3;no confirmation of Petroleum Economist;Petroleum Economist, 2003;1,2
OF163PET;Indonesia;ID;850;3;163;Bintuni/Sulawati Province;-1,44;130,80;PET;oil and gas;Steinshouer et al., 1999;3;-9999;3;-9999;3;TBA/TBC fields - no further information available;Petroleum Economist, 2003;1,2
OF151PET;Indonesia;ID;850;3;151;Kutei Basin;-0,95;117,48;PET;oil and gas;Steinshouer et al., 1999;1;1970;1;-9999;3;Attaka field discovered in 1970;Kulke, 1994 - Nugroho, 2003;1,2
OF138PET;Indonesia;ID;850;3;138;Sumatra/Java-Force-Arc Basins;1,01;98,00;PET;gas;Steinshouer et al., 1999;4;-9999;3;-9999;4;exploration but no commercial discoveries;Kulke, 1994;1,2
OF139PET;Indonesia;ID;850;3;139;Central Sumatra Basin;1,03;102,51;PET;oil and gas;Steinshouer et al., 1999;3;-9999;3;-9999;3;no confirmation of Petroleum Economist;Petroleum Economist, 2003;1,2
OF137PET;Indonesia;ID;850;3;137;Sumatra/Java-Force-Arc Basins;2,08;97,58;PET;gas;Steinshouer et al., 1999;4;-9999;3;-9999;4;exploration but no commercial discoveries;Kulke, 1994;1,2
OF148PET;Indonesia;ID;850;3;148;East Natuna Basin;3,37;109,31;PET;gas;Steinshouer et al., 1999;4;1982;1;-9999;4;uncommercial gas discovered in 1982;Kulke, 1994;1,2
OF146PET;Indonesia;ID;850;3;146;Greater Sarawak Basin;3,86;109,79;PET;gas;Steinshouer et al., 1999;3;-9999;3;-9999;3;no confirmation of Petroleum Economist;Petroleum Economist, 2003;1,2
OF136PET;Indonesia;ID;850;3;136;Sumatra/Java-Force-Arc Basins;3,96;95,94;PET;gas;Steinshouer et al., 1999;4;-9999;3;-9999;4;exploration but no commercial discoveries;Kulke, 1994;1,2
OF144PET;Indonesia;ID;850;3;144;Greater Sarawak Basin;5,46;109,78;PET;gas;Steinshouer et al., 1999;3;-9999;3;-9999;3;no confirmation of Petroleum Economist;Petroleum Economist, 2003;1,2
OF143PET;Indonesia;ID;850;3;143;Greater Sarawak Basin;5,52;109,15;PET;gas;Steinshouer et al., 1999;3;-9999;3;-9999;3;no confirmation of Petroleum Economist;Petroleum Economist, 2003;1,2
OF135PET;Indonesia;ID;850;3;135;North Sumatra Basin;5,08;98,07;PET;oil and gas;Steinshouer et al., 1999;1;1986;1;2001;2;Kambuna field discovered in 1986 - production in the basin at least since 2001;RIGZONE, 2001a;1,2
OF142PET;Indonesia;ID;850;3;142;Greater Sarawak Basin;6,12;109,52;PET;oil;Steinshouer et al., 1999;3;-9999;3;-9999;3;no information available;;1,2
OF158PET;Indonesia;ID;850;3;158;Java/Banda Sea;-6,76;115,99;PET;oil;Steinshouer et al., 1999;3;-9999;3;-9999;3;no information available;;1,2
OF157PET;Indonesia;ID;850;3;157;East Java Basin;-7,10;115,77;PET;oil and gas;Steinshouer et al., 1999;3;-9999;3;-9999;3;no information available;;1,2
OF147PET;Indonesia;ID;850;3;147;East Natuna Basin;4,45;108,92;PET;gas;Steinshouer et al., 1999;4;1982;1;-9999;4;uncommercial gas discovered in 1982;Kulke, 1994;1,2
OF145PET;Indonesia;ID;850;3;145;Greater Sarawak Basin;4,18;109,31;PET;gas;Steinshouer et al., 1999;3;-9999;3;-9999;3;no confirmation of Petroleum Economist;Petroleum Economist, 2003;1,2
OF150PET;Indonesia;ID;850;3;150;Ketuneau/Sintang Terrane;3,55;117,32;PET;oil;Steinshouer et al., 1999;3;-9999;3;-9999;3;no information available;;1,2
OF149PET;Indonesia;ID;850;3;149;Pamusian Tarakan Basin;3,54;117,90;PET;oil and gas;Steinshouer et al., 1999;1;1945;1;-9999;3;Bengara Block partially offshore - wells drilled since 1938;Continental Energy Corporation, 2002;1,2
OF140PET;Indonesia;ID;850;3;140;Malay Basin;5,28;105,52;PET;oil;Steinshouer et al., 1999;3;-9999;3;-9999;3;fields can not be identified due to the fact that they are close to the other basin;;1,2
OF141PET;Indonesia;ID;850;3;141;Penyu/West Natuna Basin;4,43;105,97;PET;oil and gas;Steinshouer et al., 1999;1;1974;1;1979;1;Udang field discovered in 1974 and came on stream in 1979;Kulke, 1994 - Museum Migas, year unknown;1,2
OF161PET;Indonesia;ID;850;3;161;Sulawesi Accretionary Prism;-2,09;121,75;PET;gas;Steinshouer et al., 1999;3;-9999;3;-9999;3;no confirmation of Petroleum Economist;Petroleum Economist, 2003;1,2
OF160PET;Indonesia;ID;850;3;160;North Banda Basin;-1,78;122,13;PET;oil and gas;Steinshouer et al., 1999;4;-9999;3;-9999;4;Donggi field - project under development;Petroleum Economist, 2003 - Laksamana.Net, 2003;1,2
OF131PET;India;IN;750;3;131;Cauvery;10,12;79,60;PET;oil;Wandrey et al., 1999 - Petroleum Economist, 2003;3;-9999;3;-9999;3;PH-9 field  - no further information available;Petroleum Economist, 2003;1,2
OF132PET;India;IN;750;3;132;Cauvery;11,21;80,06;PET;oil;Wandrey et al., 1999 - Petroleum Economist, 2003;1;1997;2;1997;1;PY-3 field came on stream in 1997 - PY-1 is expected to start operating in the end 2003/beginning 2004;HDCF Securities, 2000 - Petroleum Economist, 2003;1,2
OF133PET;India;IN;750;3;133;Godavari-Krishna;15,68;81,03;PET;oil and gas;Wandrey et al., 1999;3;-9999;3;-9999;3;no confirmation of Petroleum Economist;Petroleum Economist, 2003;1,2
OF134PET;India;IN;750;3;134;Godavari-Krishna;16,31;82,06;PET;oil and gas;Wandrey et al., 1999 - Petroleum Economist, 2003;1;1979;1;2003;2;G-1 field found in 1979/80 - production at least since 2003;TajaNews, 2003 - Subramanian, 2003 - Petroleum Economist, 2003;1,2
OF130PET;India;IN;750;3;130;Bombay;19,28;71,74;PET;oil and gas;Wandrey et al., 1999 - Petroleum Economist, 2003;1;1974;1;1976;1;Bombay High field discovered in 1974 and came on stream in 1976;Wandrey et al., 2000 - World Oil, 1998 - Petroleum Economist, 2003;1,2
OF129PET;India;IN;750;3;129;Bombay;21,03;72,46;PET;oil and gas;Wandrey et al., 1999;3;-9999;3;-9999;3;no confirmation of Petroleum Economist;Petroleum Economist, 2003;1,2
OF128PET;India;IN;750;3;128;Bombay;21,70;72,37;PET;oil and gas;Wandrey et al., 1999;3;-9999;3;-9999;3;no confirmation of Petroleum Economist;Petroleum Economist, 2003;1,2
OF126PET;India;IN;750;3;126;Indus;23,43;68,11;PET;gas;Wandrey et al., 1999 - Petroleum Economist, 2003;2;-9999;3;-9999;4;uncommercial discoveries;Kulke, 1994;1,2
OF127PET;India;IN;750;3;127;Bombay;23,04;68,52;PET;gas;Wandrey et al., 1999 - Petroleum Economist, 2003;2;-9999;3;-9999;4;uncommercial discoveries;Kulke, 1994;1,2
OF090PET;China;CH;710;3;90;Yinggehai Basin;17,44;108,60;PET;gas;Steinshouer et al., 1999;1;1983;1;1996;1;Yacheng field discovered in 1983 and started operating in 1996;OilChina, 2003f - Kulke, 1994 - Kryopak, year unknown;1,2
OF089PET;China;CH;710;3;89;Qiongdongnan Basin;18,08;110,29;PET;oil;Steinshouer et al., 1999;4;-9999;3;-9999;4;in 2002 blocks in the basin were offered for high risk exploration;Xue, 2003;1,2
OF091PET;China;CH;710;3;91;Yinggehai Basin;18,74;107,92;PET;gas;Steinshouer et al., 1999;1;1992;1;1994;2;Donfang field discovered in 1992 and producing at least since 1994;OilChina, 2003b - Kulke, 1994;1,2
OF092PET;China;CH;710;3;92;Beibuwan Basin;20,48;109,55;PET;oil;Steinshouer et al., 1999;3;-9999;3;-9999;3;Wushi field - no further information available;Kulke, 1994;1,2
OF084PET;China;CH;710;3;84;Pearl River Mouth Basin;20,53;113,98;PET;oil;Steinshouer et al., 1999;3;-9999;3;-9999;3;no information available;;1,2
OF082PET;China;CH;710;3;82;Pearl River Mouth Basin;21,54;116,33;PET;oil;Steinshouer et al., 1999;1;1989;1;1997;1;Lufeng field discovered in 1989 and put into production in 1997;Bottomley, 2003 - Kulke, 1994;1,2
OF081PET;China;CH;710;3;81;East China Sea Basin;26,99;121,86;PET;oil and gas;Steinshouer et al., 1999;3;-9999;3;-9999;3;Donghai field - no further information available;ECQC, year unknown;1,2
OF080PET;China;CH;710;3;80;East China Sea Basin;28,90;125,09;PET;oil and gas;Steinshouer et al., 1999;1;1983;1;1988;1;Pinghu field discovered in 1983 and started operating in 1988;OilChina, 2003c - ECQC, year unknown;1,2
OF079PET;China;CH;710;3;79;East China Sea Basin;30,02;126,01;PET;oil and gas;Steinshouer et al., 1999;3;-9999;3;-9999;3;no information available;;1,2
OF093PET;China;CH;710;3;93;Beibuwan Basin;20,67;108,63;PET;oil and gas;Steinshouer et al., 1999;1;1978;1;1986;1;Weizhou field discovered in 1978 and put into production in 1986;Kulke, 1994 - OilChina, 2003d;1,2
OF088PET;China;CH;710;3;88;South China Continental Shelf;21,10;108,84;PET;gas;Steinshouer et al., 1999;3;-9999;3;-9999;3;no information available - fields could not be identified due to the fact that they are close to the other basin;Kulke, 1994;1,2
OF077PET;China;CH;710;3;77;Bohaiwan Basin;39,07;119,71;PET;oil and gas;Steinshouer et al., 1999;1;1958;2;1988;2;several discoveries since 1958 - production at least since 1988 - Bozhong fields;OilChina, 2003a - Petroleum Economist, 2003;1,2
OF078PET;China;CH;710;3;78;Luxi Jiaoliao Uplift;40,38;121,81;PET;oil;Steinshouer et al., 1999;3;-9999;3;-9999;3;no confirmation of Petroleum Economist - no further information available;Petroleum Economist, 2003;1,2
OF086PET;China;CH;710;3;86;South China Continental Shelf;20,76;115,92;PET;oil;Steinshouer et al., 1999;1;1997;1;2002;1;part of the Wenchang complex -> OFFPET;Husky Energy, 2000 - Husky Energy, 2002 - Kulke, 1994;1,2
OF083PET;China;CH;710;3;83;Pearl River Mouth Basin;21,17;115,07;PET;oil;Steinshouer et al., 1999;1;1985;1;1990;1;Huizhou field discovered in 1985 and came on stream in 1990;ChevronTexaco, year unknown - Kulke, 1994;1,2
OF085PET;China;CH;710;3;85;Pearl River Mouth Basin;19,69;112,14;PET;oil and gas;Steinshouer et al., 1999;1;1997;1;2002;1;Wechang fields discovered in 1997 and started operating in 2002;Husky Energy, 2000 - Husky Energy, 2002 - Kulke, 1994;1,2
OF087PET;China;CH;710;3;87;South China Continental Shelf;19,28;112,15;PET;oil;Steinshouer et al., 1999;1;1987;1;1996;1;Liuhua field discovered in 1987 and came on stream in 1996;Kryopak, year unknown - Kulke, 1994 - Virtual Information Center, 1999;1,2
OF061PET;Cambodia;CB;811;3;61;Malay Basin;9,95;102,20;PET;oil and gas;Steinshouer et al., 1999;4;1997;2;-9999;4;exploration between 1990 and 1997 - agreement signed in 1999 to develop the fields;CCOP, 2002b;1,2
OF058PET;Brunei;BX;835;3;58;Baram Delta/Brunei-Sabah Basi;5,10;114,33;PET;oil and gas;Steinshouer et al., 1999;1;1963;1;1964;1;Ampa field discovered in 1963 and started operating in 1964;Kulke, 1994 - ASEAN Centre for Energy, 2000 - Petroleum Economist, 2003;1,2
OF034PET;Bangladesh;BG;771;3;34;Ganges-Brahmaputra Delta;21,89;91,38;PET;gas;Wandrey et al., 1999 - Wandrey et al., 2000 - BISNET, year unknown;1;1976;1;1998;1;Kutubdia field discovered in 1976 and the Sangu field came on stream in 1998;Wandrey et al., 2000 - BISNET, year unknown - Petroleum Economist, 2003;1,2
OF343PET;Tunisia;TS;616;4;343;Pelagian Basin;34,62;12,58;PET;oil;Persits et al., 1997 - Kulke, 1995 - EIA, 2003b;1;1974;1;1978;2;Isis field discovered in 1974;Kulke, 1995 - Lundin, 2003 - Petroleum Economist, 2003;1,2
OF342PET;Tunisia;TS;616;4;342;Pelagian Basin;34,14;11,53;PET;oil;Persits et al., 1997 - Kulke, 1995 - EIA, 2003b - Earth Sciences and Resources Institute, 19;1;1971;1;1978;2;Ashtart field discovered in 1971;Kulke, 1995 - Lundin, 2003 - Petroleum Economist, 2003 - Earth Sciences and Resources Institute, 1995;1,2
OF341PET;Tunisia;TS;616;4;341;Pelagian Basin;36,14;11,43;PET;oil and gas;Persits et al., 1997 - Kulke, 1995 - EIA, 2003b - Petroleum Economist, 2003;1;1979;1;1979;2;Tazerka field found in 1979;Kulke, 1995 - Lundin, 2003 - Petroleum Economist, 2003;1,2
OF340PET;Tunisia;TS;616;4;340;Pelagian Basin;37,50;10,49;PET;---;Earth Sciences and Resources Institute, 1995 - Klett et al., 1997;3;1970;1;-9999;3;Sidi Abderrahman field found in 1970;Earth Sciences and Resources Institute, 1995;1,2
OF327PET;Tanzania;TZ;510;4;327;Tanzania Coastal;-8,47;39,50;PET;gas;Persits et al., 1997 - Mbendi, 2001g;2;1974;1;-9999;4;Songo Songo field;Mbendi, 2001g - Tanzania Petroleum Development Corporation, 2001a - Tanzania Petroleum Development Corporation, 200;1,2
OF326PET;Tanzania;TZ;510;4;326;Tanzania Coastal;-6,97;39,61;PET;gas;Persits et al., 1997 - Tanzania Petroleum Development Corporation, 2001b;4;-9999;3;-9999;4;gas shows;Tanzania Petroleum Development Corporation, 2001b;1,2
OF328PET;Tanzania;TZ;510;4;328;Tanzania Coastal;-10,29;40,44;PET;gas;Persits et al., 1997 - Mbendi, 2001g;2;1982;1;-9999;4;Mnazi Bay;Mbendi, 2001g - Tanzania Petroleum Development Corporation, 2001a - Tanzania Petroleum Development Corporation, 200;1,2
OF320PET;Sudan;SU;625;4;320;Red Sea Basin;18,80;37,95;PET;gas;Persits et al., 1997 - Kulke, 1995 - OPL, 1991;2;1976;1;-9999;4;Bashayer Suakin field;EIA, 2003w - Petroleum Economist, 2003 - World Resources Institute, 2003;1,2
OF312PET;South Africa;SF;560;4;312;South African Coastal;-35,12;21,80;PET;oil and gas;Persits et al., 1997 - Mbendi, 2003;1;1980;1;1992;2;FA field discovered in 1980;Mbendi, 2003 - World Energy Council, 2001bt - Petroleum Economist, 2003;1,2
OF313PET;South Africa;SF;560;4;313;South African Coastal;-34,58;23,75;PET;gas;Persits et al., 1997 - Mbendi, 2003;2;1969;1;-9999;4;Ga-A field discovered in 1969, Gas-B in 1983;Mbendi, 2003 - Kulke, 1995;1,2
OF311PET;South Africa;SF;560;4;311;Orange River Coastal;-30,85;16,59;PET;oil and gas;Persits et al., 1997 - EIA, 2002i - Petroleum Economist, 2003;2;2000;1;-9999;4;AK-1, renamed as Ibhubesi gas field;EIA, 2002i - Berge et al., 2002;1,2
OF310PET;South Africa;SF;560;4;310;Orange River Coastal;-30,60;17,16;PET;oil and gas;Persits et al., 1997 - EIA, 2002i - Petroleum Economist, 2003;2;2000;1;-9999;4;part of the of Ibhubesi area -> OFF311PET;EIA, 2002i - Berge et al., 2002;1,2
OF308PET;Senegal;SG;433;4;308;Senegal;14,99;-17,19;PET;oil and gas;Persits et al., 1997 - Kulke, 1995 - Mbendi, 2001c;1;1961;1;1986;1;;Mbendi, 2001d - Petrosen, 2003;1,2
OF309PET;Senegal;SG;433;4;309;Senegal;12,20;-17,18;PET;oil;Persits et al., 1997 - Kulke, 1995 - Mbendi, 2001c;3;1967;1;-9999;3;;Mbendi, 2001c;1,2
OF252PET;Nigeria;NI;475;4;252;Niger Delta;4,52;6,14;PET;oil and gas;Persits et al., 1997 - Mbendi, 2000o;1;1963;1;1964;1;;ChevronTexaco, 2003a - OPL, 1991;1,2
OF240PET;Namibia;WA;565;4;240;Orange River Coastal;-28,54;14,57;PET;gas;Persits et al., 1997 - Mbendi, 2000m;2;1973;1;-9999;4;Kudu field;Mbendi, 2000m - Moyo, 1999 - Petroleum Economist, 2003;1,2
OF234PET;Mozambique;MZ;541;4;234;Mozambique Coastal;-20,51;35,18;PET;gas;Persits et al., 1997 - Mbendi, 2001b;4;-9999;3;-9999;4;Sofala-Sengo Marine Block;Mbendi, 2001b - RIGZONE, 2000;1,2
OF233PET;Morocco;MO;600;4;233;Aaiun-Tarfaya Basin;28,31;-13,02;PET;oil;Persits et al., 1997, Kulke, 1995;1;1966;1;1969;1;;Kulke, 1995 - ONAREP_c, unknown;1,2
OF215PET;Madagascar;MA;580;4;215;Morondava;-20,92;43,71;PET;---;Persits et al., 1997;2;-9999;3;-9999;4;no further information available;Mbendi, 2000k;1,2
OF212PET;Libya;LY;620;4;212;Sirte Basin;30,45;19,20;PET;oil and gas;Persits et al., 1997 - Kulke 1995 - EIA, 2003o - Earth Sciences and Resources Institute, 199;3;1967;1;-9999;3;088-B-001 field discovered in 1967;Earth Sciences and Resources Institute, 1995;1,2
OF213PET;Libya;LY;620;4;213;Sirte Basin;32,37;20,04;PET;oil and gas;Persits et al., 1997 - Kulke 1995 - EIA, 2003o - Earth Sciences and Resources Institute, 199;3;1984;1;-9999;3;Al-NC 120 field found in 1984;Earth Sciences and Resources Institute, 1995;1,2
OF211PET;Libya;LY;620;4;211;Pelagian Basin;33,53;12,69;PET;oil;Persits et al., 1997 - Kulke 1995 - EIA, 2003o - Earth Sciences and Resources Institute, 199;1;1976;1;1976;2;El Bouri field discovered in 1976;Kulke, 1995 - Petroleum Economist, 2003;1,2
OF120PET;Ghana;GH;452;4;120;Gulf of Guinea;4,50;-2,18;PET;oil and gas;Persits et al., 1997 - Mbendi, 2000j;4;-9999;3;-9999;3;;GNPC, 2003;1,2
OF121PET;Ghana;GH;452;4;121;Gulf of Guinea;5,01;-0,99;PET;oil and gas;Persits et al., 1997 - Mbendi, 2000j;1;1977;1;1978;1;Saltpond field;GNPC, 2003 - Anonymous, 2001 - World Energy Council, 2001ag - Kulke, 1995 - Petroleum Economist;1,2
OF122PET;Ghana;GH;452;4;122;Gulf of Guinea;5,96;1,39;PET;oil and gas;Persits et al., 1997 - Mbendi, 2000j;4;-9999;3;-9999;3;;GNPC, 2003;1,2
OF119PET;Ghana;GH;452;4;119;Gulf of Guinea;4,88;-3,37;PET;oil and gas;Persits et al., 1997 - Mbendi, 2000j;1;1970;2;1975;2;Tano field;GNPC, 2003 - Mbendi, 2000j - Petroleum Economist, 2003;1,2
OF113PET;Gabon;GB;481;4;113;West-central coast;-3,01;10,09;PET;oil and gas;Persits et al., 1997 - Perenco, 2003b;3;-9999;3;-9999;3;not confirmed from Petroleum Economist;Petroleum Economist, 2003;1,2
OF112PET;Gabon;GB;481;4;112;West-central coast;-1,22;8,86;PET;oil;Persits et al., 1997 - Perenco, 2003b;1;1962;1;1966;1;Anguille field found in 1962 - start-up in 1966;Kulke, 1995 - Anonymous, 2001 - Total Gabon, 2003a;1,2
OF114PET;Gabon;GB;481;4;114;West-central coast;-3,92;10,70;PET;oil;Persits et al., 1997 - Perenco, 2003b;1;1969;1;1973;2;production started between 1971 and 1975;Kulke, 1995 - Anonymous, 2001 - Total Gabon, 2003b;1,2
OF111PET;Eritrea;ER;531;4;111;Red Sea Basin;16,83;39,28;PET;oil and gas;Persits et al., 1997;4;-9999;3;-9999;3;extensive exploration;Mbendi, 2000h - EIA, 2003i - Andarko Petroleum Corporation, 2003;1,2
OF110PET;Egypt;EG;651;4;110;Red Sea Basin;28,15;33,46;PET;oil;Persits et al., 1997 - Kulke, 1995;1;1961;1;1967;1;Belayim-Marin field discovered in 1961;OPL, 1991 - SPE, 1998 - Anonymous, 2001 - Petroleum Economist, 2003;1,2
OF109PET;Egypt;EG;651;4;109;Red Sea Basin;29,68;32,53;PET;oil;Persits et al., 1997 - Kulke, 1995;1;1965;1;1967;1;amount of oil and gas still to be discovered;OPL, 1991 - SPE, 1998 - Anonymous, 2001;1,2
OF106PET;Egypt;EG;651;4;106;Nile Delta Basin;31,54;30,11;PET;gas;Persits et al., 1997 - Kulke, 1995;1;1967;1;1975;1;amount of oil and gas still to be discovered;Kulke, 1995 - SPE, 1998 - Anonymous, 2001;1,2
OF108PET;Egypt;EG;651;4;108;Nile Delta Basin;31,76;32,20;PET;gas;Persits et al., 1997 - Kulke, 1995;1;1967;1;1975;1;amount of oil and gas still to be discovered;Kulke, 1995 - SPE, 1998 - Anonymous, 2001;1,2
OF107PET;Egypt;EG;651;4;107;Nile Delta Basin;31,85;31,20;PET;gas;Persits et al., 1997 - Kulke, 1995;1;1967;1;1975;1;amount of oil and gas still to be discovered;Kulke, 1995 - SPE, 1998 - Anonymous, 2001;1,2
OF099PET;Cote d'Ivoire;IV;437;4;99;Gulf of Guinea;4,88;-3,37;PET;oil and gas;Persits et al., 1997 - Mbendi, 2000f;1;1970;2;1975;2;Belier (IV) and Tano (GH) field;Mbendi, 2000f - EIA, 2002f - Petroleum Economist, 2003;1,2
OF098PET;Cote d'Ivoire;IV;437;4;98;Gulf of Guinea;4,94;-4,75;PET;oil and gas;Persits et al., 1997 - Mbendi, 2000f;1;1970;2;1975;2;Foxtrot and Espoir field;Mbendi, 2000f - EIA, 2002f - Petroleum Economist, 2003;1,2
OF097PET;Congo (Kinshasa);CG;490;4;97;West-central Coastal;-5,94;12,21;PET;oil;Persits et al., 1997 - Kulke, 1995;1;1970;1;1975;2;GCO field discovered in 1970;Kulke, 1995 - Anonymous, 2001 - 1Up Info, 1993 - Petroleum Economist, 2003;1,2
OF096PET;Congo (Brazzaville);CF;484;4;96;West-central Coast;-4,82;11,39;PET;oil;Persits et al., 1997 - Kulke, 1995;1;1969;1;1973;1;Emeraude field discovered in 1969;Mbendi, 2000e - Anonymous, 2001 - OPL, 1991 - Petroleum Economist, 2003;1,2
OF063PET;Cameroon;CM;471;4;63;West-central coast;2,94;9,71;PET;oil;Persits et al., 1997 - Mbendi, 2000c - Perenco, 2003a;1;1980;1;1996;1;;Kulke, 1995 - Mbendi, 2000c;1,2
OF062PET;Cameroon;CM;471;4;62;Niger Delta;4,04;8,58;PET;oil and gas;Persits et al., 1997 - Mbendi, 2000c;1;1972;1;1978;1;;OPL, 1991 - World Energy Council, 2001p - Petroleum Economist, 2003;1,2
OF035PET;Benin;BN;434;4;35;Gulf of Guinea;6,17;2,70;PET;oil;Persits et al., 1997 - Mbendi, 2000b;1;1968;1;1982;1;Seme fields (North and South);Mbendi, 2000b - World Energy Council, 2001k - Petroleum Economist, 2003;1,2
OF006PET;Angola;AO;540;4;6;West-central Coast;-11,00;13,54;PET;oil;Persist et al., 1997 - GERGa, year unknown;3;-9999;3;-9999;3;no information available;;1,2
OF005PET;Angola;AO;540;4;5;West-central Coast;-9,64;13,11;PET;---;Persits et al., 1997;3;-9999;3;-9999;3;no information available;;1,2
OF012PET;Argentina;AR;160;5;12;Magallanes Basin;-53,70;-68,12;PET;oil and gas;Schenk et al., 1999 - Petroleum Economist, 2003;1;1949;1;-9999;3;Las Violetas and Rio Cullen fields discovered in 1949;Anonymous, 2001 - Petroleum Economist, 2003;1,2
OF011PET;Argentina;AR;160;5;11;Magallanes Basin;-51,19;-69,90;PET;oil and gas;Schenk et al., 1999 - Petroleum Economist, 2003;1;1965;1;-9999;3;Corrillos field found in 1965;Anonymous, 2001 - Petroleum Economist, 2003;1,2
OF010PET;Argentina;AR;160;5;10;Magallenes Basin;-49,65;-71,83;PET;oil and gas;Schenk et al., 1999;3;-9999;3;-9999;3;no confirmation of Petroleum Economist;Petroleum Economist, 2003;1,2
OF009PET;Argentina;AR;160;5;9;San Jorge Basin;-46,13;-68,87;PET;oil;Schenk et al., 1999 - Petroleum Economist, 2003;1;1945;1;1945;1;production commenced in 1907 at Comodoro Rivadavia;Kulke, 1995 - Petroleum Economist, 2003;1,2
OF008PET;Argentina;AR;160;5;8;Neuquen Basin;-37,68;-68,97;PET;oil and gas;Schenk et al., 1999 - Petroleum Economist, 2003;1;1945;1;1970;2;El Porvenir field found in 1941 - Neuba I pipeline built in 1970 and transported gas from that basin -> production at least since;Anonymous, 2001 - Securities and Exchange Commission, Washington, D.C., 1999 - Petroleum Economist, 2003;1,2
OF007PET;Argentina;AR;160;5;7;Cuyo Basin;-34,00;-67,20;PET;oil;Schenk et al., 1999 - Petroleum Economist, 2003;4;-9999;3;-9999;4;Los Tordillos Oeste field - still under exploration in 2000;Wilkinson, 2000 - Petroleum Economist, 2003;1,2
OF031PET;Australia;AS;900;3;31;Otway Basin;-38,47;143,00;PET;gas;Steinshouer et al., 1999;1;1979;1;1986;1;Paaratte North field found in 1979 and came on stream in 1986;Geoscience Australia, 2002 - Petroleum Economist, 2003;1,2
OF032PET;Australia;AS;900;3;32;Otway Basin;-38,17;142,04;PET;oil;Steinshouer et al., 1999;3;-9999;3;-9999;3;no confirmation of Petroleum Economist;Petroleum Economist, 2003;1,2
OF030PET;Australia;AS;900;3;30;Gippsland Basin;-37,77;147,95;PET;oil;Steinshouer et al., 1999;2;1945;1;-9999;4;oil discovered in 1924 but no effective production could be established;Kulke, 1995;1,2
OF014PET;Australia;AS;900;3;14;Amadeus Basin;-24,09;133,99;PET;oil and gas;Steinshouer et al., 1999;2;1981;1;-9999;4;Dingo field discovered in 1981 but not developed;Northern Territory Government, year unknown - Northern Territory Government, 2003 - Petroleum Economist, 2003;1,2
OF016PET;Australia;AS;900;3;16;Eromanga Basin;-27,40;141,52;PET;oil and gas;Steinshouer et al., 1999;1;1964;1;1969;1;Gidgealpa field discovered in 1964 and came on stream in 1969;Geoscience Australia, 2002 - Petroleum Economist, 2003;1,2
OF015PET;Australia;AS;900;3;15;Eromanga Basin;-26,42;137,67;PET;oil;Steinshouer et al., 1999;3;-9999;3;-9999;3;no confirmation of Petroleum Economist;Petroleum Economist, 2003;1,2
OF017PET;Australia;AS;900;3;17;Eromanga Basin;-25,62;141,65;PET;oil;Steinshouer et al., 1999;1;1984;1;1985;1;Bookbourdie field discovered in 1984 and started operating in 1985;Geoscience Australia, 2002 - Petroleum Economist, 2003;1,2
OF020PET;Australia;AS;900;3;20;Eromanga Basin;-24,00;146,00;PET;gas;Steinshouer et al., 1999;3;-9999;3;-9999;3;no confirmation of Petroleum Economist;Petroleum Economist, 2003;1,2
OF027PET;Australia;AS;900;3;27;Surat Basin;-30,36;149,60;PET;gas;Steinshouer et al., 1999;3;-9999;3;-9999;3;no confirmation of Petroleum Economist;Petroleum Economist, 2003;1,2
OF018PET;Australia;AS;900;3;18;Eromanga Basin;-25,56;143,06;PET;oil;Steinshouer et al., 1999;1;1984;1;1984;1;Bodalla South field found in 1984 and put into production in the same year;Geoscience Australia, 2002 - Petroleum Economist, 2003;1,2
OF019PET;Australia;AS;900;3;19;Eromanga Basin;-25,36;144,81;PET;gas;Steinshouer et al., 1999;3;-9999;3;-9999;3;no confirmation of Petroleum Economist;Petroleum Economist, 2003;1,2
OF026PET;Australia;AS;900;3;26;Surat Basin;-27,37;150,27;PET;oil and gas;Steinshouer et al., 1999;1;1961;1;1964;1;Moonie field discovered in 1961 and came on stream in 1964;Geoscience Australia, 2002 - Petroleum Economist, 2003;1,2
OF024PET;Australia;AS;900;3;24;Surat Basin;-26,18;150,04;PET;oil and gas;Steinshouer et al., 1999;1;1964;1;1965;1;Yanalah field discovered in 1964 and production started in 1965 from the Pine Ridge fields;Geoscience Australia, 2002 - Petroleum Economist, 2003;1,2
OF025PET;Australia;AS;900;3;25;Surat Basin;-27,19;149,03;PET;oil and gas;Steinshouer et al., 1999;1;1965;1;1965;1;Trinidad field discoerved in 1965 an put into production in the same year;Geoscience Australia, 2002 - Petroleum Economist, 2003;1,2
OF023PET;Australia;AS;900;3;23;Surat Basin;-25,63;148,35;PET;gas;Steinshouer et al., 1999;3;-9999;3;-9999;3;no information available - fields coul not be identified due to the fact that they are close to the other basin;Petroleum Economist, 2003;1,2
OF029PET;Australia;AS;900;3;29;Sydney Basin;-33,92;150,79;PET;gas;Steinshouer et al., 1999;2;1945;1;1945;1;oil shale: commercial exploitation after 1865 - shut down in 1952;Kulke, 1995 - Petroleum Economist, 2003;1,2
OF028PET;Australia;AS;900;3;28;Clarence-Moreton Basin;-28,90;152,85;PET;gas;Steinshouer et al., 1999;4;-9999;3;-9999;4;exploration wells - potential has to be assessed;Minfo 66, 2000;1,2
OF022PET;Australia;AS;900;3;22;Maryborough Basin;-25,16;152,42;PET;gas;Steinshouer et al., 1999;3;-9999;3;-9999;3;Rundle and Stuart fields - no further information available;Petroleum Economist, 2003;1,2
OF021PET;Australia;AS;900;3;21;Bowen Basin;-24,58;148,68;PET;gas;Steinshouer et al., 1999;1;1964;1;1990;1;Rolleston field found in 1964 and came on stream in 1990;Geoscience Australia, 2002 - Kulke, 1995 - Petroleum Economist, 2003;1,2
OF004PET;Angola;AO;540;4;4;West-central Coast;-10,29;13,80;PET;oil;Persits et al., 1997 - GERGa, unknown;3;-9999;3;-9999;3;Bamvo field;GERGb, unknown;1,2
OF003PET;Angola;AO;540;4;3;West-central Coast;-9,25;13,44;PET;oil;Persits et al., 1997 - Mbendi, 2002a;1;1955;1;1956;1;Benefica field discovered in 1955;Kulke, 1995 - World Energy Council, 2001c - 1Up Info, 1989;1,2
OF002PET;Angola;AO;540;4;2;West-central Coast;-6,34;12,57;PET;oil;Persits et al., 1997 - Mbendi, 2002a;1;1969;1;-9999;3;Soyo region;Anonymous, 2001 - Mbendi, 2002a - Petroleum Economist, 2003;1,2
